--
-- File generated with SQLiteStudio v3.0.6 on Mon Jul 18 14:58:06 2016
--
-- Text encoding used: windows-1252
--
PRAGMA foreign_keys = off;
BEGIN TRANSACTION;

-- Table: SandbarSites
CREATE TABLE SandbarSites (SiteID INTEGER PRIMARY KEY, SiteCode TEXT (10) UNIQUE NOT NULL, RiverMile REAL NOT NULL, RiverSideID INTEGER REFERENCES LookupListItems (ItemID) NOT NULL, Title TEXT (50) NOT NULL UNIQUE, AlternateTitle TEXT (50), SiteTypeID INTEGER NOT NULL REFERENCES LookupListItems (ItemID), History TEXT (50), EddySize INTEGER, ExpansionRatio8k REAL, ExpansionRatio45k REAL, StageChange8k45k REAL, PrimaryGDAWS INTEGER, SecondaryGDAWS INTEGER, ReachID INTEGER REFERENCES Reaches (ReachID), SegmentID INTEGER REFERENCES Segments (SegmentID), CampsiteSurveyRecord TEXT (50), RemoteCameraID INTEGER, StageDischargeA REAL, StageDischargeB REAL, StageDischargeC REAL, Northing REAL, Easting REAL, Latitude REAL, Longitude REAL, InitialSurvey DATE, AddedOn DATETIME DEFAULT (CURRENT_TIMESTAMP) NOT NULL, AddedBy TEXT (50) NOT NULL, UpdatedOn DATETIME NOT NULL DEFAULT (CURRENT_TIMESTAMP), UpdatedBy TEXT (50) NOT NULL)
INSERT INTO SandbarSites (SiteID, SiteCode, RiverMile, RiverSideID, Title, AlternateTitle, SiteTypeID, History, EddySize, ExpansionRatio8k, ExpansionRatio45k, StageChange8k45k, PrimaryGDAWS, SecondaryGDAWS, ReachID, SegmentID, CampsiteSurveyRecord, RemoteCameraID, StageDischargeA, StageDischargeB, StageDischargeC, Northing, Easting, Latitude, Longitude, InitialSurvey, AddedOn, AddedBy, UpdatedOn, UpdatedBy) VALUES (1, '003L', 2.5, 2, 'Above Cathedral Wash', 'Above Cathedral Wash', 3, 'begin 1990', 7610, 1.5, 1.3, 3.4, 9380000, 9380000, 2, 2, NULL, NULL, 919.534, 0.000173, -1.48e-09, 647891, 240095, 36.8412, -111.617, '1990-09-28', '2016-07-18 20:28:02', 'pgb', '2016-07-18 20:28:02', 'pgb');
INSERT INTO SandbarSites (SiteID, SiteCode, RiverMile, RiverSideID, Title, AlternateTitle, SiteTypeID, History, EddySize, ExpansionRatio8k, ExpansionRatio45k, StageChange8k45k, PrimaryGDAWS, SecondaryGDAWS, ReachID, SegmentID, CampsiteSurveyRecord, RemoteCameraID, StageDischargeA, StageDischargeB, StageDischargeC, Northing, Easting, Latitude, Longitude, InitialSurvey, AddedOn, AddedBy, UpdatedOn, UpdatedBy) VALUES (2, '008L', 8.1, 2, 'Jackass Creek', NULL, 3, 'begin 1990', NULL, 1.6, 1.5, 3, 9380000, 9380000, 2, 4, '1998-current', NULL, 912.608, 0.0001114, -4.247e-10, 640147, 236613, 36.7715, -111.656, '1990-09-28', '2016-07-18 20:28:02', 'pgb', '2016-07-18 20:28:02', 'pgb');
INSERT INTO SandbarSites (SiteID, SiteCode, RiverMile, RiverSideID, Title, AlternateTitle, SiteTypeID, History, EddySize, ExpansionRatio8k, ExpansionRatio45k, StageChange8k45k, PrimaryGDAWS, SecondaryGDAWS, ReachID, SegmentID, CampsiteSurveyRecord, RemoteCameraID, StageDischargeA, StageDischargeB, StageDischargeC, Northing, Easting, Latitude, Longitude, InitialSurvey, AddedOn, AddedBy, UpdatedOn, UpdatedBy) VALUES (3, '009L', 8.9, 2, '9 Mile', '8.5 Mile Camp', 3, 'begin 2008', 12270, 1.8, 14, 4.2, 9380000, 9380000, 2, 4, NULL, NULL, 909.445, 0.0002171, -1.932e-09, 639159, 235981, 36.7626, -111.663, '2008-02-03', '2016-07-18 20:28:02', 'pgb', '2016-07-18 20:28:02', 'pgb');
INSERT INTO SandbarSites (SiteID, SiteCode, RiverMile, RiverSideID, Title, AlternateTitle, SiteTypeID, History, EddySize, ExpansionRatio8k, ExpansionRatio45k, StageChange8k45k, PrimaryGDAWS, SecondaryGDAWS, ReachID, SegmentID, CampsiteSurveyRecord, RemoteCameraID, StageDischargeA, StageDischargeB, StageDischargeC, Northing, Easting, Latitude, Longitude, InitialSurvey, AddedOn, AddedBy, UpdatedOn, UpdatedBy) VALUES (4, '016L', 16.6, 2, 'Hot Na Na Wash', NULL, 3, 'begin 1990', 8160, 2.1, 1.2, 3.1, 9380000, 9380000, 2, 5, '1998-current', NULL, 894.595, 0.0001476, -1.174e-09, 630022, 229234, 36.6804, -111.739, '1990-09-29', '2016-07-18 20:28:02', 'pgb', '2016-07-18 20:28:02', 'pgb');
INSERT INTO SandbarSites (SiteID, SiteCode, RiverMile, RiverSideID, Title, AlternateTitle, SiteTypeID, History, EddySize, ExpansionRatio8k, ExpansionRatio45k, StageChange8k45k, PrimaryGDAWS, SecondaryGDAWS, ReachID, SegmentID, CampsiteSurveyRecord, RemoteCameraID, StageDischargeA, StageDischargeB, StageDischargeC, Northing, Easting, Latitude, Longitude, InitialSurvey, AddedOn, AddedBy, UpdatedOn, UpdatedBy) VALUES (5, '022R', 22, 1, '22 Mile', NULL, 3, 'begin 1990', 7160, 1.5, 1.5, 5.8, 9383050, 9380000, 2, 7, '1998-current', NULL, 878.466, 0.0002906, -2.456e-09, 622496, 227353, 36.6126, -111.76, '1990-09-30', '2016-07-18 20:28:02', 'pgb', '2016-07-18 20:28:02', 'pgb');
INSERT INTO SandbarSites (SiteID, SiteCode, RiverMile, RiverSideID, Title, AlternateTitle, SiteTypeID, History, EddySize, ExpansionRatio8k, ExpansionRatio45k, StageChange8k45k, PrimaryGDAWS, SecondaryGDAWS, ReachID, SegmentID, CampsiteSurveyRecord, RemoteCameraID, StageDischargeA, StageDischargeB, StageDischargeC, Northing, Easting, Latitude, Longitude, InitialSurvey, AddedOn, AddedBy, UpdatedOn, UpdatedBy) VALUES (6, '024L', 23.6, 2, 'Lone Cedar', 'Harry McDonald', 3, 'begin 2002', NULL, 1.3, 1.4, 5, 9383050, 9380000, 2, 8, '2002-current', NULL, 873.927, 0.0002763, -2.611e-09, 620393, 226319, 36.5937, -111.772, '2002-09-21', '2016-07-18 20:28:02', 'pgb', '2016-07-18 20:28:02', 'pgb');
INSERT INTO SandbarSites (SiteID, SiteCode, RiverMile, RiverSideID, Title, AlternateTitle, SiteTypeID, History, EddySize, ExpansionRatio8k, ExpansionRatio45k, StageChange8k45k, PrimaryGDAWS, SecondaryGDAWS, ReachID, SegmentID, CampsiteSurveyRecord, RemoteCameraID, StageDischargeA, StageDischargeB, StageDischargeC, Northing, Easting, Latitude, Longitude, InitialSurvey, AddedOn, AddedBy, UpdatedOn, UpdatedBy) VALUES (7, '029L', 29.5, 2, 'Shinumo Wash', 'Silver Grotto', 3, 'begin 2002', NULL, 1.2, 1, 4.8, 9383050, 9380000, 2, 10, '2002-current', NULL, 856.983, 0.0001575, -4.313e-10, 613336, 220701, 36.5301, -111.835, '2002-05-06', '2016-07-18 20:28:02', 'pgb', '2016-07-18 20:28:02', 'pgb');
INSERT INTO SandbarSites (SiteID, SiteCode, RiverMile, RiverSideID, Title, AlternateTitle, SiteTypeID, History, EddySize, ExpansionRatio8k, ExpansionRatio45k, StageChange8k45k, PrimaryGDAWS, SecondaryGDAWS, ReachID, SegmentID, CampsiteSurveyRecord, RemoteCameraID, StageDischargeA, StageDischargeB, StageDischargeC, Northing, Easting, Latitude, Longitude, InitialSurvey, AddedOn, AddedBy, UpdatedOn, UpdatedBy) VALUES (8, '030R', 30.7, 1, 'Sand Pile', '30 Mile', 3, 'begin 1990', 8520, 1.7, 1.6, 5, 9383050, 9380000, 3, 10, '1998-current', NULL, 853.671, 0.0002405, -1.886e-09, 611760, 219539, 36.5159, -111.848, '1990-10-14', '2016-07-18 20:28:02', 'pgb', '2016-07-18 20:28:02', 'pgb');
INSERT INTO SandbarSites (SiteID, SiteCode, RiverMile, RiverSideID, Title, AlternateTitle, SiteTypeID, History, EddySize, ExpansionRatio8k, ExpansionRatio45k, StageChange8k45k, PrimaryGDAWS, SecondaryGDAWS, ReachID, SegmentID, CampsiteSurveyRecord, RemoteCameraID, StageDischargeA, StageDischargeB, StageDischargeC, Northing, Easting, Latitude, Longitude, InitialSurvey, AddedOn, AddedBy, UpdatedOn, UpdatedBy) VALUES (9, '032R', 31.9, 1, 'South Canyon', NULL, 3, 'begin 1990', 11620, 2.8, 1.5, 2.9, 9383050, 9380000, 3, 10, '1998-current', NULL, 853.038, 0.0001395, -1.057e-09, 610267, 218624, 36.5025, -111.858, '1990-09-30', '2016-07-18 20:28:02', 'pgb', '2016-07-18 20:28:02', 'pgb');
INSERT INTO SandbarSites (SiteID, SiteCode, RiverMile, RiverSideID, Title, AlternateTitle, SiteTypeID, History, EddySize, ExpansionRatio8k, ExpansionRatio45k, StageChange8k45k, PrimaryGDAWS, SecondaryGDAWS, ReachID, SegmentID, CampsiteSurveyRecord, RemoteCameraID, StageDischargeA, StageDischargeB, StageDischargeC, Northing, Easting, Latitude, Longitude, InitialSurvey, AddedOn, AddedBy, UpdatedOn, UpdatedBy) VALUES (10, '033L', 33.3, 2, 'Redwall Cavern', NULL, 3, 'begin 2002', NULL, NULL, NULL, 4.7, 9383050, 9380000, 3, 11, NULL, NULL, 849.147, 0.0001855, -9.76e-10, 609195, 220259, 36.4928, -111.84, '1990-06-10', '2016-07-18 20:28:02', 'pgb', '2016-07-18 20:28:02', 'pgb');
INSERT INTO SandbarSites (SiteID, SiteCode, RiverMile, RiverSideID, Title, AlternateTitle, SiteTypeID, History, EddySize, ExpansionRatio8k, ExpansionRatio45k, StageChange8k45k, PrimaryGDAWS, SecondaryGDAWS, ReachID, SegmentID, CampsiteSurveyRecord, RemoteCameraID, StageDischargeA, StageDischargeB, StageDischargeC, Northing, Easting, Latitude, Longitude, InitialSurvey, AddedOn, AddedBy, UpdatedOn, UpdatedBy) VALUES (11, '035L', 35.1, 2, 'Nautiloid', NULL, 3, 'begin 2002', 21390, 2.5, 1.4, 5, 9383050, 9380000, 3, 12, '1998-current', NULL, 846.385, 0.0002521, -2.08e-09, 606655, 220223, 36.4699, -111.84, '1999-05-08', '2016-07-18 20:28:02', 'pgb', '2016-07-18 20:28:02', 'pgb');
INSERT INTO SandbarSites (SiteID, SiteCode, RiverMile, RiverSideID, Title, AlternateTitle, SiteTypeID, History, EddySize, ExpansionRatio8k, ExpansionRatio45k, StageChange8k45k, PrimaryGDAWS, SecondaryGDAWS, ReachID, SegmentID, CampsiteSurveyRecord, RemoteCameraID, StageDischargeA, StageDischargeB, StageDischargeC, Northing, Easting, Latitude, Longitude, InitialSurvey, AddedOn, AddedBy, UpdatedOn, UpdatedBy) VALUES (12, '041R', 41.4, 1, 'Buck Farm', NULL, 3, 'begin 2002', 42050, 2.9, 1.7, 4.1, 9383050, 9380000, 3, 14, '2002-current', NULL, 839.641, 0.000169, -9.291e-10, 599167, 216523, 36.4025, -111.881, '2002-09-23', '2016-07-18 20:28:02', 'pgb', '2016-07-18 20:28:02', 'pgb');
INSERT INTO SandbarSites (SiteID, SiteCode, RiverMile, RiverSideID, Title, AlternateTitle, SiteTypeID, History, EddySize, ExpansionRatio8k, ExpansionRatio45k, StageChange8k45k, PrimaryGDAWS, SecondaryGDAWS, ReachID, SegmentID, CampsiteSurveyRecord, RemoteCameraID, StageDischargeA, StageDischargeB, StageDischargeC, Northing, Easting, Latitude, Longitude, InitialSurvey, AddedOn, AddedBy, UpdatedOn, UpdatedBy) VALUES (13, '043L', 43.4, 2, 'Anasazi Bridge', '43 Mile', 3, 'begin 1990', 8460, 1.7, 1.3, 4.3, 9383050, 9380000, 3, 15, '1998-current', NULL, 838.308, 0.0002006, -1.523e-09, 598636, 218839, 36.3977, -111.856, '1990-09-28', '2016-07-18 20:28:02', 'pgb', '2016-07-18 20:28:02', 'pgb');
INSERT INTO SandbarSites (SiteID, SiteCode, RiverMile, RiverSideID, Title, AlternateTitle, SiteTypeID, History, EddySize, ExpansionRatio8k, ExpansionRatio45k, StageChange8k45k, PrimaryGDAWS, SecondaryGDAWS, ReachID, SegmentID, CampsiteSurveyRecord, RemoteCameraID, StageDischargeA, StageDischargeB, StageDischargeC, Northing, Easting, Latitude, Longitude, InitialSurvey, AddedOn, AddedBy, UpdatedOn, UpdatedBy) VALUES (14, '044L', 44.5, 2, 'Eminence', NULL, 3, 'begin 1990', 26570, 1.9, 1.4, 4.1, 9383050, 9380000, 3, 15, '1998-current', NULL, 835.533, 0.0001836, -1.278e-09, 597344, 219332, 36.386, -111.85, '1990-09-28', '2016-07-18 20:28:02', 'pgb', '2016-07-18 20:28:02', 'pgb');
INSERT INTO SandbarSites (SiteID, SiteCode, RiverMile, RiverSideID, Title, AlternateTitle, SiteTypeID, History, EddySize, ExpansionRatio8k, ExpansionRatio45k, StageChange8k45k, PrimaryGDAWS, SecondaryGDAWS, ReachID, SegmentID, CampsiteSurveyRecord, RemoteCameraID, StageDischargeA, StageDischargeB, StageDischargeC, Northing, Easting, Latitude, Longitude, InitialSurvey, AddedOn, AddedBy, UpdatedOn, UpdatedBy) VALUES (15, '045L', 45, 2, 'Willie Taylor', NULL, 3, 'begin 2002', 22550, 1.9, 1.4, 4, 9383050, 9380000, 3, 15, '2002-current', NULL, 835.06, 0.0001602, -8.803e-10, 597114, 218590, 36.3839, -111.858, '2002-05-05', '2016-07-18 20:28:02', 'pgb', '2016-07-18 20:28:02', 'pgb');
INSERT INTO SandbarSites (SiteID, SiteCode, RiverMile, RiverSideID, Title, AlternateTitle, SiteTypeID, History, EddySize, ExpansionRatio8k, ExpansionRatio45k, StageChange8k45k, PrimaryGDAWS, SecondaryGDAWS, ReachID, SegmentID, CampsiteSurveyRecord, RemoteCameraID, StageDischargeA, StageDischargeB, StageDischargeC, Northing, Easting, Latitude, Longitude, InitialSurvey, AddedOn, AddedBy, UpdatedOn, UpdatedBy) VALUES (16, '047R', 47.6, 1, 'Lower Saddle', NULL, 3, 'begin 1990', 28440, 2.6, 1.9, 3.5, 9383050, 9380000, 3, 16, '1998-current', NULL, 833.139, 0.0001644, -1.233e-09, 595050, 215953, 36.3654, -111.888, '1990-09-29', '2016-07-18 20:28:02', 'pgb', '2016-07-18 20:28:02', 'pgb');
INSERT INTO SandbarSites (SiteID, SiteCode, RiverMile, RiverSideID, Title, AlternateTitle, SiteTypeID, History, EddySize, ExpansionRatio8k, ExpansionRatio45k, StageChange8k45k, PrimaryGDAWS, SecondaryGDAWS, ReachID, SegmentID, CampsiteSurveyRecord, RemoteCameraID, StageDischargeA, StageDischargeB, StageDischargeC, Northing, Easting, Latitude, Longitude, InitialSurvey, AddedOn, AddedBy, UpdatedOn, UpdatedBy) VALUES (17, '050R', 50.2, 1, 'Dinosaur', '50 Mile', 3, 'begin 1990', 8691, 1, 1, 3.9, 9383100, 9380000, 3, 17, '1998-current', NULL, 829.145, 0.0001801, -1.314e-09, 591979, 218328, 36.3377, -111.861, '1990-09-15', '2016-07-18 20:28:02', 'pgb', '2016-07-18 20:28:02', 'pgb');
INSERT INTO SandbarSites (SiteID, SiteCode, RiverMile, RiverSideID, Title, AlternateTitle, SiteTypeID, History, EddySize, ExpansionRatio8k, ExpansionRatio45k, StageChange8k45k, PrimaryGDAWS, SecondaryGDAWS, ReachID, SegmentID, CampsiteSurveyRecord, RemoteCameraID, StageDischargeA, StageDischargeB, StageDischargeC, Northing, Easting, Latitude, Longitude, InitialSurvey, AddedOn, AddedBy, UpdatedOn, UpdatedBy) VALUES (18, '051L', 51.5, 2, '51 Mile', NULL, 3, 'begin 1990', 31690, 1.6, 1.5, 3.5, 9383100, 9380000, 3, 17, '1998-current', NULL, 828.601, 0.0001725, -1.417e-09, 589971, 218307, 36.3196, -111.862, '1990-09-30', '2016-07-18 20:28:02', 'pgb', '2016-07-18 20:28:02', 'pgb');
INSERT INTO SandbarSites (SiteID, SiteCode, RiverMile, RiverSideID, Title, AlternateTitle, SiteTypeID, History, EddySize, ExpansionRatio8k, ExpansionRatio45k, StageChange8k45k, PrimaryGDAWS, SecondaryGDAWS, ReachID, SegmentID, CampsiteSurveyRecord, RemoteCameraID, StageDischargeA, StageDischargeB, StageDischargeC, Northing, Easting, Latitude, Longitude, InitialSurvey, AddedOn, AddedBy, UpdatedOn, UpdatedBy) VALUES (19, '055R', 55.9, 1, 'Kwagunt Marsh', NULL, 3, 'begin 2002', 24300, 1.1, 1.4, 2.5, 9383100, 9380000, 3, 18, '1998-current', NULL, 819.322, 0.0001238, -1.012e-09, 584320, 220805, 36.2686, -111.834, '1991-09-27', '2016-07-18 20:28:02', 'pgb', '2016-07-18 20:28:02', 'pgb');
INSERT INTO SandbarSites (SiteID, SiteCode, RiverMile, RiverSideID, Title, AlternateTitle, SiteTypeID, History, EddySize, ExpansionRatio8k, ExpansionRatio45k, StageChange8k45k, PrimaryGDAWS, SecondaryGDAWS, ReachID, SegmentID, CampsiteSurveyRecord, RemoteCameraID, StageDischargeA, StageDischargeB, StageDischargeC, Northing, Easting, Latitude, Longitude, InitialSurvey, AddedOn, AddedBy, UpdatedOn, UpdatedBy) VALUES (20, '056R', 56.6, 1, 'Kwagunt Beach', NULL, 3, 'begin 2002', NULL, 1.1, 0.8, 3.1, 9383100, 9380000, 3, 18, NULL, NULL, 816.579, 0.0001266, -9.388e-10, 583505, 221484, 36.2613, -111.826, '2002-09-25', '2016-07-18 20:28:02', 'pgb', '2016-07-18 20:28:02', 'pgb');
INSERT INTO SandbarSites (SiteID, SiteCode, RiverMile, RiverSideID, Title, AlternateTitle, SiteTypeID, History, EddySize, ExpansionRatio8k, ExpansionRatio45k, StageChange8k45k, PrimaryGDAWS, SecondaryGDAWS, ReachID, SegmentID, CampsiteSurveyRecord, RemoteCameraID, StageDischargeA, StageDischargeB, StageDischargeC, Northing, Easting, Latitude, Longitude, InitialSurvey, AddedOn, AddedBy, UpdatedOn, UpdatedBy) VALUES (21, '062R', 62.9, 1, 'Crash Canyon', NULL, 3, 'begin 1993', 15920, 1.7, 1.4, 3.9, 9402500, 9402500, 4, 22, '1998-current', NULL, 799.865, 0.0001682, -1.082e-09, 574570, 222503, 36.1807, -111.815, '1993-04-03', '2016-07-18 20:28:02', 'pgb', '2016-07-18 20:28:02', 'pgb');
INSERT INTO SandbarSites (SiteID, SiteCode, RiverMile, RiverSideID, Title, AlternateTitle, SiteTypeID, History, EddySize, ExpansionRatio8k, ExpansionRatio45k, StageChange8k45k, PrimaryGDAWS, SecondaryGDAWS, ReachID, SegmentID, CampsiteSurveyRecord, RemoteCameraID, StageDischargeA, StageDischargeB, StageDischargeC, Northing, Easting, Latitude, Longitude, InitialSurvey, AddedOn, AddedBy, UpdatedOn, UpdatedBy) VALUES (22, '065R', 65.1, 1, 'Carbon Canyon', NULL, 3, 'begin 2002', 17130, 1.6, 1.2, 2.8, 9402500, 9402500, 4, 22, NULL, NULL, 795.764, 0.0001272, -8.798e-10, 571213, 222389, 36.1505, -111.816, '1996-03-27', '2016-07-18 20:28:02', 'pgb', '2016-07-18 20:28:02', 'pgb');
INSERT INTO SandbarSites (SiteID, SiteCode, RiverMile, RiverSideID, Title, AlternateTitle, SiteTypeID, History, EddySize, ExpansionRatio8k, ExpansionRatio45k, StageChange8k45k, PrimaryGDAWS, SecondaryGDAWS, ReachID, SegmentID, CampsiteSurveyRecord, RemoteCameraID, StageDischargeA, StageDischargeB, StageDischargeC, Northing, Easting, Latitude, Longitude, InitialSurvey, AddedOn, AddedBy, UpdatedOn, UpdatedBy) VALUES (23, '068R', 68.8, 1, 'Tanner', NULL, 3, 'begin 1990', 15950, 1.2, 1.1, 2.4, 9402500, 9402500, 4, 23, NULL, NULL, 786.038, 0.000117, -8.985e-10, 565963, 221179, 36.1032, -111.83, '1990-07-15', '2016-07-18 20:28:02', 'pgb', '2016-07-18 20:28:02', 'pgb');
INSERT INTO SandbarSites (SiteID, SiteCode, RiverMile, RiverSideID, Title, AlternateTitle, SiteTypeID, History, EddySize, ExpansionRatio8k, ExpansionRatio45k, StageChange8k45k, PrimaryGDAWS, SecondaryGDAWS, ReachID, SegmentID, CampsiteSurveyRecord, RemoteCameraID, StageDischargeA, StageDischargeB, StageDischargeC, Northing, Easting, Latitude, Longitude, InitialSurvey, AddedOn, AddedBy, UpdatedOn, UpdatedBy) VALUES (24, '070R', 70.1, 1, 'Basalt', NULL, 3, 'begin 2008', NULL, 2, 1.7, 2.7, 9402500, 9402500, 4, 23, NULL, NULL, 779.865, 0.000125, -1.011e-09, 565044, 220152, 36.0949, -111.841, '2008-02-10', '2016-07-18 20:28:02', 'pgb', '2016-07-18 20:28:02', 'pgb');
INSERT INTO SandbarSites (SiteID, SiteCode, RiverMile, RiverSideID, Title, AlternateTitle, SiteTypeID, History, EddySize, ExpansionRatio8k, ExpansionRatio45k, StageChange8k45k, PrimaryGDAWS, SecondaryGDAWS, ReachID, SegmentID, CampsiteSurveyRecord, RemoteCameraID, StageDischargeA, StageDischargeB, StageDischargeC, Northing, Easting, Latitude, Longitude, InitialSurvey, AddedOn, AddedBy, UpdatedOn, UpdatedBy) VALUES (25, '081L', 81.7, 2, 'Grapevine', NULL, 3, 'begin 1990', 3410, 1.5, 1.6, 3.7, 9402500, 9402500, 4, 25, '1998-current', NULL, 736.025, 0.0001629, -1.102e-09, 560584, 206156, 36.0547, -111.997, '1990-10-01', '2016-07-18 20:28:02', 'pgb', '2016-07-18 20:28:02', 'pgb');
INSERT INTO SandbarSites (SiteID, SiteCode, RiverMile, RiverSideID, Title, AlternateTitle, SiteTypeID, History, EddySize, ExpansionRatio8k, ExpansionRatio45k, StageChange8k45k, PrimaryGDAWS, SecondaryGDAWS, ReachID, SegmentID, CampsiteSurveyRecord, RemoteCameraID, StageDischargeA, StageDischargeB, StageDischargeC, Northing, Easting, Latitude, Longitude, InitialSurvey, AddedOn, AddedBy, UpdatedOn, UpdatedBy) VALUES (26, '084R', 84.6, 1, 'Clear Creek', NULL, 3, 'begin 2002', NULL, 1.3, 1.3, 4.9, 9402500, 9402500, 4, 26, '1998-current', NULL, 724.483, 0.0001855, -1.099e-09, 563574, 202794, 36.0816, -112.034, '2002-09-28', '2016-07-18 20:28:02', 'pgb', '2016-07-18 20:28:02', 'pgb');
INSERT INTO SandbarSites (SiteID, SiteCode, RiverMile, RiverSideID, Title, AlternateTitle, SiteTypeID, History, EddySize, ExpansionRatio8k, ExpansionRatio45k, StageChange8k45k, PrimaryGDAWS, SecondaryGDAWS, ReachID, SegmentID, CampsiteSurveyRecord, RemoteCameraID, StageDischargeA, StageDischargeB, StageDischargeC, Northing, Easting, Latitude, Longitude, InitialSurvey, AddedOn, AddedBy, UpdatedOn, UpdatedBy) VALUES (27, '087L', 87.6, 2, 'Upper Cremation', NULL, 3, 'begin 1990', 1150, 1.5, 1.1, 3.8, 9402500, 9402500, 4, 27, NULL, NULL, 716.091, 0.0002109, -1.972e-09, 565662, 198395, 36.1004, -112.083, '1990-09-03', '2016-07-18 20:28:02', 'pgb', '2016-07-18 20:28:02', 'pgb');
INSERT INTO SandbarSites (SiteID, SiteCode, RiverMile, RiverSideID, Title, AlternateTitle, SiteTypeID, History, EddySize, ExpansionRatio8k, ExpansionRatio45k, StageChange8k45k, PrimaryGDAWS, SecondaryGDAWS, ReachID, SegmentID, CampsiteSurveyRecord, RemoteCameraID, StageDischargeA, StageDischargeB, StageDischargeC, Northing, Easting, Latitude, Longitude, InitialSurvey, AddedOn, AddedBy, UpdatedOn, UpdatedBy) VALUES (28, '091R', 91.8, 1, '91 Mile Creek', 'Above Trinity', 3, 'begin 1990', 4490, 1.3, 1.2, 4.2, 9402500, 9402500, 5, NULL, '1998-current', NULL, 699.404, 0.0001811, -1.181e-09, 566356, 192649, 36.1065, -112.147, '1990-09-28', '2016-07-18 20:28:02', 'pgb', '2016-07-18 20:28:02', 'pgb');
INSERT INTO SandbarSites (SiteID, SiteCode, RiverMile, RiverSideID, Title, AlternateTitle, SiteTypeID, History, EddySize, ExpansionRatio8k, ExpansionRatio45k, StageChange8k45k, PrimaryGDAWS, SecondaryGDAWS, ReachID, SegmentID, CampsiteSurveyRecord, RemoteCameraID, StageDischargeA, StageDischargeB, StageDischargeC, Northing, Easting, Latitude, Longitude, InitialSurvey, AddedOn, AddedBy, UpdatedOn, UpdatedBy) VALUES (29, '093L', 93.8, 2, 'Granite', NULL, 3, 'begin 1990', 3590, 1.7, 1.8, 2.9, 9402500, 9402500, 5, NULL, '1998-current', NULL, 696.919, 0.0001605, -1.48e-09, 565349, 189538, 36.0974, -112.181, '1990-09-04', '2016-07-18 20:28:02', 'pgb', '2016-07-18 20:28:02', 'pgb');
INSERT INTO SandbarSites (SiteID, SiteCode, RiverMile, RiverSideID, Title, AlternateTitle, SiteTypeID, History, EddySize, ExpansionRatio8k, ExpansionRatio45k, StageChange8k45k, PrimaryGDAWS, SecondaryGDAWS, ReachID, SegmentID, CampsiteSurveyRecord, RemoteCameraID, StageDischargeA, StageDischargeB, StageDischargeC, Northing, Easting, Latitude, Longitude, InitialSurvey, AddedOn, AddedBy, UpdatedOn, UpdatedBy) VALUES (30, '104R', 104.4, 1, 'Emerald', 'Upper 104 Mile', 3, 'begin 1990', 1020, 1.3, 1, 3.9, 9402500, 9402500, 5, NULL, '1998-current', NULL, 658.381, 0.0001854, -1.444e-09, 574509, 178095, 36.1796, -112.309, '1990-09-29', '2016-07-18 20:28:02', 'pgb', '2016-07-18 20:28:02', 'pgb');
INSERT INTO SandbarSites (SiteID, SiteCode, RiverMile, RiverSideID, Title, AlternateTitle, SiteTypeID, History, EddySize, ExpansionRatio8k, ExpansionRatio45k, StageChange8k45k, PrimaryGDAWS, SecondaryGDAWS, ReachID, SegmentID, CampsiteSurveyRecord, RemoteCameraID, StageDischargeA, StageDischargeB, StageDischargeC, Northing, Easting, Latitude, Longitude, InitialSurvey, AddedOn, AddedBy, UpdatedOn, UpdatedBy) VALUES (31, '119R', 119.4, 1, 'Big Dune', '119 Mile', 3, 'begin 1990', 8930, 1.6, 1.3, 4.6, 9402500, 9402500, 5, NULL, '1998-current', NULL, 613.695, 0.0002031, -1.393e-09, 579954, 164851, 36.2281, -112.456, '1990-09-30', '2016-07-18 20:28:02', 'pgb', '2016-07-18 20:28:02', 'pgb');
INSERT INTO SandbarSites (SiteID, SiteCode, RiverMile, RiverSideID, Title, AlternateTitle, SiteTypeID, History, EddySize, ExpansionRatio8k, ExpansionRatio45k, StageChange8k45k, PrimaryGDAWS, SecondaryGDAWS, ReachID, SegmentID, CampsiteSurveyRecord, RemoteCameraID, StageDischargeA, StageDischargeB, StageDischargeC, Northing, Easting, Latitude, Longitude, InitialSurvey, AddedOn, AddedBy, UpdatedOn, UpdatedBy) VALUES (32, '122R', 122.7, 1, '122 Mile Canyon', NULL, 3, 'begin 1990', 8240, 2.2, 2.1, 4.2, 9402500, 9402500, 5, NULL, '1998-current', NULL, 607.966, 0.0002064, -1.692e-09, 581790, 160195, 36.2444, -112.508, '1990-10-01', '2016-07-18 20:28:02', 'pgb', '2016-07-18 20:28:02', 'pgb');
INSERT INTO SandbarSites (SiteID, SiteCode, RiverMile, RiverSideID, Title, AlternateTitle, SiteTypeID, History, EddySize, ExpansionRatio8k, ExpansionRatio45k, StageChange8k45k, PrimaryGDAWS, SecondaryGDAWS, ReachID, SegmentID, CampsiteSurveyRecord, RemoteCameraID, StageDischargeA, StageDischargeB, StageDischargeC, Northing, Easting, Latitude, Longitude, InitialSurvey, AddedOn, AddedBy, UpdatedOn, UpdatedBy) VALUES (33, '123L', 123.3, 2, 'Upper Forster', NULL, 3, 'begin 1990', 8050, 1.4, 1.3, 4, 9402500, 9402500, 5, NULL, '1998-current', NULL, 607.278, 0.0002194, -2.036e-09, 581837, 159373, 36.2448, -112.517, '1990-10-04', '2016-07-18 20:28:02', 'pgb', '2016-07-18 20:28:02', 'pgb');
INSERT INTO SandbarSites (SiteID, SiteCode, RiverMile, RiverSideID, Title, AlternateTitle, SiteTypeID, History, EddySize, ExpansionRatio8k, ExpansionRatio45k, StageChange8k45k, PrimaryGDAWS, SecondaryGDAWS, ReachID, SegmentID, CampsiteSurveyRecord, RemoteCameraID, StageDischargeA, StageDischargeB, StageDischargeC, Northing, Easting, Latitude, Longitude, InitialSurvey, AddedOn, AddedBy, UpdatedOn, UpdatedBy) VALUES (34, '137L', 137.7, 2, 'Football Field', NULL, 3, 'begin 1990', 5140, 1.2, 1.2, 4.3, 9402500, 9402500, 5, NULL, '1998-current', NULL, 562.504, 0.0001961, -1.415e-09, 598091, 159013, 36.3912, -112.522, '1990-10-02', '2016-07-18 20:28:02', 'pgb', '2016-07-18 20:28:02', 'pgb');
INSERT INTO SandbarSites (SiteID, SiteCode, RiverMile, RiverSideID, Title, AlternateTitle, SiteTypeID, History, EddySize, ExpansionRatio8k, ExpansionRatio45k, StageChange8k45k, PrimaryGDAWS, SecondaryGDAWS, ReachID, SegmentID, CampsiteSurveyRecord, RemoteCameraID, StageDischargeA, StageDischargeB, StageDischargeC, Northing, Easting, Latitude, Longitude, InitialSurvey, AddedOn, AddedBy, UpdatedOn, UpdatedBy) VALUES (35, '139R', 139.6, 1, 'Fishtail', NULL, 3, 'begin 1990', 7190, 1.3, 1.2, 4.5, 9402500, 9402500, 5, NULL, '1998-current', NULL, 557.131, 0.0002136, -1.639e-09, 599177, 156330, 36.4009, -112.552, '1990-06-17', '2016-07-18 20:28:02', 'pgb', '2016-07-18 20:28:02', 'pgb');
INSERT INTO SandbarSites (SiteID, SiteCode, RiverMile, RiverSideID, Title, AlternateTitle, SiteTypeID, History, EddySize, ExpansionRatio8k, ExpansionRatio45k, StageChange8k45k, PrimaryGDAWS, SecondaryGDAWS, ReachID, SegmentID, CampsiteSurveyRecord, RemoteCameraID, StageDischargeA, StageDischargeB, StageDischargeC, Northing, Easting, Latitude, Longitude, InitialSurvey, AddedOn, AddedBy, UpdatedOn, UpdatedBy) VALUES (36, '145L', 145.8, 2, 'Above Olo', NULL, 3, 'begin 1990', 1320, 1.4, 1.5, 5, 9404120, 9402500, 5, NULL, '1998-current', NULL, 539.882, 0.0002303, -1.69e-09, 596298, 147608, 36.3744, -112.649, '1990-09-28', '2016-07-18 20:28:02', 'pgb', '2016-07-18 20:28:02', 'pgb');
INSERT INTO SandbarSites (SiteID, SiteCode, RiverMile, RiverSideID, Title, AlternateTitle, SiteTypeID, History, EddySize, ExpansionRatio8k, ExpansionRatio45k, StageChange8k45k, PrimaryGDAWS, SecondaryGDAWS, ReachID, SegmentID, CampsiteSurveyRecord, RemoteCameraID, StageDischargeA, StageDischargeB, StageDischargeC, Northing, Easting, Latitude, Longitude, InitialSurvey, AddedOn, AddedBy, UpdatedOn, UpdatedBy) VALUES (37, '167L', 167.2, 2, 'Lower National', NULL, 3, 'begin 2002', NULL, 2.4, 1.1, 3.6, 9404200, 9404200, 6, NULL, '2002-current', NULL, 505.417, 0.0001447, -7.439e-10, 583374, 125435, 36.2561, -112.895, '2002-10-03', '2016-07-18 20:28:02', 'pgb', '2016-07-18 20:28:02', 'pgb');
INSERT INTO SandbarSites (SiteID, SiteCode, RiverMile, RiverSideID, Title, AlternateTitle, SiteTypeID, History, EddySize, ExpansionRatio8k, ExpansionRatio45k, StageChange8k45k, PrimaryGDAWS, SecondaryGDAWS, ReachID, SegmentID, CampsiteSurveyRecord, RemoteCameraID, StageDischargeA, StageDischargeB, StageDischargeC, Northing, Easting, Latitude, Longitude, InitialSurvey, AddedOn, AddedBy, UpdatedOn, UpdatedBy) VALUES (38, '172L', 172.6, 2, 'Below Mohawk', NULL, 3, 'begin 1990', 9400, 1.3, 1.3, 3.9, 9404200, 9404200, 6, NULL, '1998-current', NULL, 497.251, 0.0001658, -1.027e-09, 580784, 117994, 36.2321, -112.978, '1990-06-18', '2016-07-18 20:28:02', 'pgb', '2016-07-18 20:28:02', 'pgb');
INSERT INTO SandbarSites (SiteID, SiteCode, RiverMile, RiverSideID, Title, AlternateTitle, SiteTypeID, History, EddySize, ExpansionRatio8k, ExpansionRatio45k, StageChange8k45k, PrimaryGDAWS, SecondaryGDAWS, ReachID, SegmentID, CampsiteSurveyRecord, RemoteCameraID, StageDischargeA, StageDischargeB, StageDischargeC, Northing, Easting, Latitude, Longitude, InitialSurvey, AddedOn, AddedBy, UpdatedOn, UpdatedBy) VALUES (39, '183R', 183.3, 1, 'Below Chevron', '183 Mile', 3, 'begin 1990', 5150, 1.7, 1.6, 4.1, 9404200, 9404200, 6, NULL, NULL, NULL, 470.176, 0.0001921, -1.423e-09, 573891, 104043, 36.1685, -113.132, '1990-10-01', '2016-07-18 20:28:02', 'pgb', '2016-07-18 20:28:02', 'pgb');
INSERT INTO SandbarSites (SiteID, SiteCode, RiverMile, RiverSideID, Title, AlternateTitle, SiteTypeID, History, EddySize, ExpansionRatio8k, ExpansionRatio45k, StageChange8k45k, PrimaryGDAWS, SecondaryGDAWS, ReachID, SegmentID, CampsiteSurveyRecord, RemoteCameraID, StageDischargeA, StageDischargeB, StageDischargeC, Northing, Easting, Latitude, Longitude, InitialSurvey, AddedOn, AddedBy, UpdatedOn, UpdatedBy) VALUES (40, '194L', 194.6, 2, 'Hualapai Acres', NULL, 3, 'begin 1990', 14140, 2.2, 2.1, 3.8, 9404200, 9404200, 6, NULL, '1998-current', NULL, 446.795, 0.0001798, -1.357e-09, 565213, 92952.5, 36.089, -113.254, '1990-10-02', '2016-07-18 20:28:02', 'pgb', '2016-07-18 20:28:02', 'pgb');
INSERT INTO SandbarSites (SiteID, SiteCode, RiverMile, RiverSideID, Title, AlternateTitle, SiteTypeID, History, EddySize, ExpansionRatio8k, ExpansionRatio45k, StageChange8k45k, PrimaryGDAWS, SecondaryGDAWS, ReachID, SegmentID, CampsiteSurveyRecord, RemoteCameraID, StageDischargeA, StageDischargeB, StageDischargeC, Northing, Easting, Latitude, Longitude, InitialSurvey, AddedOn, AddedBy, UpdatedOn, UpdatedBy) VALUES (41, '202R', 202.3, 1, '202 Mile', NULL, 3, 'begin 1990', 15620, 2.7, 1.7, 3.8, 9404200, 9404200, 6, NULL, '1998-current', NULL, 431.444, 0.000166, -1.093e-09, 561241, 84174.6, 36.0521, -113.35, '1990-10-02', '2016-07-18 20:28:02', 'pgb', '2016-07-18 20:28:02', 'pgb');
INSERT INTO SandbarSites (SiteID, SiteCode, RiverMile, RiverSideID, Title, AlternateTitle, SiteTypeID, History, EddySize, ExpansionRatio8k, ExpansionRatio45k, StageChange8k45k, PrimaryGDAWS, SecondaryGDAWS, ReachID, SegmentID, CampsiteSurveyRecord, RemoteCameraID, StageDischargeA, StageDischargeB, StageDischargeC, Northing, Easting, Latitude, Longitude, InitialSurvey, AddedOn, AddedBy, UpdatedOn, UpdatedBy) VALUES (42, '213L', 213.3, 2, 'Pumpkin Springs', NULL, 3, 'begin 1990', 3990, 3.1, 2.4, 5.8, 9404200, 9404200, 6, NULL, '1998-current', NULL, 403.552, 0.0002713, -2.025e-09, 546045, 85408.5, 35.9153, -113.334, '1990-09-18', '2016-07-18 20:28:02', 'pgb', '2016-07-18 20:28:02', 'pgb');
INSERT INTO SandbarSites (SiteID, SiteCode, RiverMile, RiverSideID, Title, AlternateTitle, SiteTypeID, History, EddySize, ExpansionRatio8k, ExpansionRatio45k, StageChange8k45k, PrimaryGDAWS, SecondaryGDAWS, ReachID, SegmentID, CampsiteSurveyRecord, RemoteCameraID, StageDischargeA, StageDischargeB, StageDischargeC, Northing, Easting, Latitude, Longitude, InitialSurvey, AddedOn, AddedBy, UpdatedOn, UpdatedBy) VALUES (43, '220R', 220.1, 1, 'Middle 220 Mile', 'Middle Gorilla', 3, 'begin 1990', 2450, 1.4, 1.1, 3, 9404200, 9404200, 6, NULL, '1998-current', NULL, 394.212, 0.0001329, -9.183e-10, 536788, 85980.2, 35.832, -113.327, '1990-09-18', '2016-07-18 20:28:02', 'pgb', '2016-07-18 20:28:02', 'pgb');
INSERT INTO SandbarSites (SiteID, SiteCode, RiverMile, RiverSideID, Title, AlternateTitle, SiteTypeID, History, EddySize, ExpansionRatio8k, ExpansionRatio45k, StageChange8k45k, PrimaryGDAWS, SecondaryGDAWS, ReachID, SegmentID, CampsiteSurveyRecord, RemoteCameraID, StageDischargeA, StageDischargeB, StageDischargeC, Northing, Easting, Latitude, Longitude, InitialSurvey, AddedOn, AddedBy, UpdatedOn, UpdatedBy) VALUES (44, '225R', 225.5, 1, '225 Mile', 'Above Last Chance', 3, 'begin 1990', 5635, 2.3, 1.8, 2.9, 9404200, 9404200, 6, NULL, NULL, NULL, 380.716, 0.0001656, -1.436e-09, 530136, 81955.8, 35.7715, -113.37, '1990-11-03', '2016-07-18 20:28:02', 'pgb', '2016-07-18 20:28:02', 'pgb');
INSERT INTO SandbarSites (SiteID, SiteCode, RiverMile, RiverSideID, Title, AlternateTitle, SiteTypeID, History, EddySize, ExpansionRatio8k, ExpansionRatio45k, StageChange8k45k, PrimaryGDAWS, SecondaryGDAWS, ReachID, SegmentID, CampsiteSurveyRecord, RemoteCameraID, StageDischargeA, StageDischargeB, StageDischargeC, Northing, Easting, Latitude, Longitude, InitialSurvey, AddedOn, AddedBy, UpdatedOn, UpdatedBy) VALUES (45, 'M06R', -6.6, 1, '-6-mile', NULL, 3, 'begin 1990', NULL, NULL, NULL, 3, 9380000, 9380000, 1, 1, NULL, NULL, 926.682, 0.0001298, -7.753e-10, 651563, 245503, 36.8741, -111.556, '1990-07-12', '2016-07-18 20:28:02', 'pgb', '2016-07-18 20:28:02', 'pgb');
INSERT INTO SandbarSites (SiteID, SiteCode, RiverMile, RiverSideID, Title, AlternateTitle, SiteTypeID, History, EddySize, ExpansionRatio8k, ExpansionRatio45k, StageChange8k45k, PrimaryGDAWS, SecondaryGDAWS, ReachID, SegmentID, CampsiteSurveyRecord, RemoteCameraID, StageDischargeA, StageDischargeB, StageDischargeC, Northing, Easting, Latitude, Longitude, InitialSurvey, AddedOn, AddedBy, UpdatedOn, UpdatedBy) VALUES (46, '001R', 1.2, 1, 'Paria Beach', NULL, 4, 'begin 2000', 40880, 2, 1.5, 3, 9380000, 9380000, 2, 2, NULL, NULL, NULL, NULL, NULL, 649484, 241207, 36.8555, -111.604, NULL, '2016-07-18 20:28:02', 'pgb', '2016-07-18 20:28:02', 'pgb');
INSERT INTO SandbarSites (SiteID, SiteCode, RiverMile, RiverSideID, Title, AlternateTitle, SiteTypeID, History, EddySize, ExpansionRatio8k, ExpansionRatio45k, StageChange8k45k, PrimaryGDAWS, SecondaryGDAWS, ReachID, SegmentID, CampsiteSurveyRecord, RemoteCameraID, StageDischargeA, StageDischargeB, StageDischargeC, Northing, Easting, Latitude, Longitude, InitialSurvey, AddedOn, AddedBy, UpdatedOn, UpdatedBy) VALUES (47, '058R', 58, 1, 'Malgosa', NULL, 4, '2008 HFE only', NULL, NULL, NULL, NULL, 9383100, 9380000, 3, 19, NULL, NULL, NULL, NULL, NULL, 581387, 221578, 36.2422, -111.825, NULL, '2016-07-18 20:28:02', 'pgb', '2016-07-18 20:28:02', 'pgb');
INSERT INTO SandbarSites (SiteID, SiteCode, RiverMile, RiverSideID, Title, AlternateTitle, SiteTypeID, History, EddySize, ExpansionRatio8k, ExpansionRatio45k, StageChange8k45k, PrimaryGDAWS, SecondaryGDAWS, ReachID, SegmentID, CampsiteSurveyRecord, RemoteCameraID, StageDischargeA, StageDischargeB, StageDischargeC, Northing, Easting, Latitude, Longitude, InitialSurvey, AddedOn, AddedBy, UpdatedOn, UpdatedBy) VALUES (48, '063L', 63.5, 2, 'Above Salt Mine', NULL, 4, '1996-2008 only', 27853, 3, 2.1, 4, 9402500, 9402500, 4, 22, NULL, NULL, 798.183, 0.0001948, -1.605e-09, 573610, 222766, 36.1721, -111.812, '1996-03-25', '2016-07-18 20:28:02', 'pgb', '2016-07-18 20:28:02', 'pgb');
INSERT INTO SandbarSites (SiteID, SiteCode, RiverMile, RiverSideID, Title, AlternateTitle, SiteTypeID, History, EddySize, ExpansionRatio8k, ExpansionRatio45k, StageChange8k45k, PrimaryGDAWS, SecondaryGDAWS, ReachID, SegmentID, CampsiteSurveyRecord, RemoteCameraID, StageDischargeA, StageDischargeB, StageDischargeC, Northing, Easting, Latitude, Longitude, InitialSurvey, AddedOn, AddedBy, UpdatedOn, UpdatedBy) VALUES (49, '065L', 65.8, 2, 'Above Lava Canyon', NULL, 4, '2008 HFE only', NULL, NULL, NULL, NULL, 9402500, 9402500, 4, 22, NULL, NULL, NULL, NULL, NULL, 570130, 222462, 36.1407, -111.816, NULL, '2016-07-18 20:28:02', 'pgb', '2016-07-18 20:28:02', 'pgb');
INSERT INTO SandbarSites (SiteID, SiteCode, RiverMile, RiverSideID, Title, AlternateTitle, SiteTypeID, History, EddySize, ExpansionRatio8k, ExpansionRatio45k, StageChange8k45k, PrimaryGDAWS, SecondaryGDAWS, ReachID, SegmentID, CampsiteSurveyRecord, RemoteCameraID, StageDischargeA, StageDischargeB, StageDischargeC, Northing, Easting, Latitude, Longitude, InitialSurvey, AddedOn, AddedBy, UpdatedOn, UpdatedBy) VALUES (50, '066L', 66.1, 2, 'Pallisades', NULL, 4, '2008 HFE only', NULL, NULL, NULL, NULL, 9402500, 9402500, 4, 23, NULL, NULL, NULL, NULL, NULL, 569538, 222348, 36.1354, -111.817, NULL, '2016-07-18 20:28:02', 'pgb', '2016-07-18 20:28:02', 'pgb');
INSERT INTO SandbarSites (SiteID, SiteCode, RiverMile, RiverSideID, Title, AlternateTitle, SiteTypeID, History, EddySize, ExpansionRatio8k, ExpansionRatio45k, StageChange8k45k, PrimaryGDAWS, SecondaryGDAWS, ReachID, SegmentID, CampsiteSurveyRecord, RemoteCameraID, StageDischargeA, StageDischargeB, StageDischargeC, Northing, Easting, Latitude, Longitude, InitialSurvey, AddedOn, AddedBy, UpdatedOn, UpdatedBy) VALUES (51, '1722L', 172.2, 2, 'Mohawk', NULL, 4, '2008 HFE only', NULL, NULL, NULL, NULL, 9404200, 9404200, 6, NULL, NULL, NULL, NULL, NULL, NULL, NULL, NULL, NULL, NULL, NULL, '2016-07-18 20:28:02', 'pgb', '2016-07-18 20:28:02', 'pgb');
INSERT INTO SandbarSites (SiteID, SiteCode, RiverMile, RiverSideID, Title, AlternateTitle, SiteTypeID, History, EddySize, ExpansionRatio8k, ExpansionRatio45k, StageChange8k45k, PrimaryGDAWS, SecondaryGDAWS, ReachID, SegmentID, CampsiteSurveyRecord, RemoteCameraID, StageDischargeA, StageDischargeB, StageDischargeC, Northing, Easting, Latitude, Longitude, InitialSurvey, AddedOn, AddedBy, UpdatedOn, UpdatedBy) VALUES (52, '0034L', 3.4, 2, '3.4 Mile', NULL, 5, '2008 HFE only', NULL, NULL, NULL, NULL, 9380000, 9380000, 2, 3, NULL, NULL, NULL, NULL, NULL, 646754, 239602, 36.831, -111.622, NULL, '2016-07-18 20:28:02', 'pgb', '2016-07-18 20:28:02', 'pgb');
INSERT INTO SandbarSites (SiteID, SiteCode, RiverMile, RiverSideID, Title, AlternateTitle, SiteTypeID, History, EddySize, ExpansionRatio8k, ExpansionRatio45k, StageChange8k45k, PrimaryGDAWS, SecondaryGDAWS, ReachID, SegmentID, CampsiteSurveyRecord, RemoteCameraID, StageDischargeA, StageDischargeB, StageDischargeC, Northing, Easting, Latitude, Longitude, InitialSurvey, AddedOn, AddedBy, UpdatedOn, UpdatedBy) VALUES (53, '0061L', 6.1, 2, '6.1 Mile Left', NULL, 5, '2008 HFE only', NULL, NULL, NULL, NULL, 9380000, 9380000, 2, 3, NULL, NULL, NULL, NULL, NULL, 643131, 237791, 36.7984, -111.643, NULL, '2016-07-18 20:28:02', 'pgb', '2016-07-18 20:28:02', 'pgb');
INSERT INTO SandbarSites (SiteID, SiteCode, RiverMile, RiverSideID, Title, AlternateTitle, SiteTypeID, History, EddySize, ExpansionRatio8k, ExpansionRatio45k, StageChange8k45k, PrimaryGDAWS, SecondaryGDAWS, ReachID, SegmentID, CampsiteSurveyRecord, RemoteCameraID, StageDischargeA, StageDischargeB, StageDischargeC, Northing, Easting, Latitude, Longitude, InitialSurvey, AddedOn, AddedBy, UpdatedOn, UpdatedBy) VALUES (54, '0099L', 9.9, 2, '10 Mile Left', NULL, 5, '2008 HFE only', NULL, NULL, NULL, NULL, 9380000, 9380000, 2, 4, NULL, NULL, NULL, NULL, NULL, 637898, 235007, 36.7513, -111.674, NULL, '2016-07-18 20:28:02', 'pgb', '2016-07-18 20:28:02', 'pgb');
INSERT INTO SandbarSites (SiteID, SiteCode, RiverMile, RiverSideID, Title, AlternateTitle, SiteTypeID, History, EddySize, ExpansionRatio8k, ExpansionRatio45k, StageChange8k45k, PrimaryGDAWS, SecondaryGDAWS, ReachID, SegmentID, CampsiteSurveyRecord, RemoteCameraID, StageDischargeA, StageDischargeB, StageDischargeC, Northing, Easting, Latitude, Longitude, InitialSurvey, AddedOn, AddedBy, UpdatedOn, UpdatedBy) VALUES (55, '0176R', 17.6, 1, '17.6 Mile Right', NULL, 5, '2008 HFE only', NULL, NULL, NULL, NULL, 9380000, 9380000, 2, 5, NULL, NULL, NULL, NULL, NULL, 628508, 229027, 36.6668, -111.741, NULL, '2016-07-18 20:28:02', 'pgb', '2016-07-18 20:28:02', 'pgb');
INSERT INTO SandbarSites (SiteID, SiteCode, RiverMile, RiverSideID, Title, AlternateTitle, SiteTypeID, History, EddySize, ExpansionRatio8k, ExpansionRatio45k, StageChange8k45k, PrimaryGDAWS, SecondaryGDAWS, ReachID, SegmentID, CampsiteSurveyRecord, RemoteCameraID, StageDischargeA, StageDischargeB, StageDischargeC, Northing, Easting, Latitude, Longitude, InitialSurvey, AddedOn, AddedBy, UpdatedOn, UpdatedBy) VALUES (56, '0196R', 19.6, 1, '19.6 Mile Right', NULL, 5, '2008 HFE only', NULL, NULL, NULL, NULL, 9380000, 9380000, 2, 6, NULL, NULL, NULL, NULL, NULL, 626174, 227151, 36.6458, -111.762, NULL, '2016-07-18 20:28:02', 'pgb', '2016-07-18 20:28:02', 'pgb');
INSERT INTO SandbarSites (SiteID, SiteCode, RiverMile, RiverSideID, Title, AlternateTitle, SiteTypeID, History, EddySize, ExpansionRatio8k, ExpansionRatio45k, StageChange8k45k, PrimaryGDAWS, SecondaryGDAWS, ReachID, SegmentID, CampsiteSurveyRecord, RemoteCameraID, StageDischargeA, StageDischargeB, StageDischargeC, Northing, Easting, Latitude, Longitude, InitialSurvey, AddedOn, AddedBy, UpdatedOn, UpdatedBy) VALUES (57, '0293R', 29.3, 1, '29.3 Mile Right', NULL, 5, '2008 HFE only', NULL, NULL, NULL, NULL, 9383050, 9380000, 2, 9, NULL, NULL, NULL, NULL, NULL, 613547, 220933, 36.532, -111.832, NULL, '2016-07-18 20:28:02', 'pgb', '2016-07-18 20:28:02', 'pgb');
INSERT INTO SandbarSites (SiteID, SiteCode, RiverMile, RiverSideID, Title, AlternateTitle, SiteTypeID, History, EddySize, ExpansionRatio8k, ExpansionRatio45k, StageChange8k45k, PrimaryGDAWS, SecondaryGDAWS, ReachID, SegmentID, CampsiteSurveyRecord, RemoteCameraID, StageDischargeA, StageDischargeB, StageDischargeC, Northing, Easting, Latitude, Longitude, InitialSurvey, AddedOn, AddedBy, UpdatedOn, UpdatedBy) VALUES (58, '0356R', 35.6, 1, '35.6 Mile Right', NULL, 5, '2008 HFE only', NULL, NULL, NULL, NULL, 9383050, 9380000, 3, 12, NULL, NULL, NULL, NULL, NULL, 605711, 220406, 36.4614, -111.838, NULL, '2016-07-18 20:28:02', 'pgb', '2016-07-18 20:28:02', 'pgb');
INSERT INTO SandbarSites (SiteID, SiteCode, RiverMile, RiverSideID, Title, AlternateTitle, SiteTypeID, History, EddySize, ExpansionRatio8k, ExpansionRatio45k, StageChange8k45k, PrimaryGDAWS, SecondaryGDAWS, ReachID, SegmentID, CampsiteSurveyRecord, RemoteCameraID, StageDischargeA, StageDischargeB, StageDischargeC, Northing, Easting, Latitude, Longitude, InitialSurvey, AddedOn, AddedBy, UpdatedOn, UpdatedBy) VALUES (59, '0376R', 37.6, 1, '37.6 Mile Right', NULL, 5, '2008 HFE only', NULL, NULL, NULL, NULL, 9383050, 9380000, 3, 13, NULL, NULL, NULL, NULL, NULL, 603335, 219307, 36.44, -111.85, NULL, '2016-07-18 20:28:02', 'pgb', '2016-07-18 20:28:02', 'pgb');
INSERT INTO SandbarSites (SiteID, SiteCode, RiverMile, RiverSideID, Title, AlternateTitle, SiteTypeID, History, EddySize, ExpansionRatio8k, ExpansionRatio45k, StageChange8k45k, PrimaryGDAWS, SecondaryGDAWS, ReachID, SegmentID, CampsiteSurveyRecord, RemoteCameraID, StageDischargeA, StageDischargeB, StageDischargeC, Northing, Easting, Latitude, Longitude, InitialSurvey, AddedOn, AddedBy, UpdatedOn, UpdatedBy) VALUES (60, '0459R', 45.9, 1, '45.9 Mile Right', NULL, 5, '2008 HFE only', NULL, NULL, NULL, NULL, 9383050, 9380000, 3, 15, NULL, NULL, NULL, NULL, NULL, 596832, 217159, 36.3814, -111.874, NULL, '2016-07-18 20:28:02', 'pgb', '2016-07-18 20:28:02', 'pgb');
INSERT INTO SandbarSites (SiteID, SiteCode, RiverMile, RiverSideID, Title, AlternateTitle, SiteTypeID, History, EddySize, ExpansionRatio8k, ExpansionRatio45k, StageChange8k45k, PrimaryGDAWS, SecondaryGDAWS, ReachID, SegmentID, CampsiteSurveyRecord, RemoteCameraID, StageDischargeA, StageDischargeB, StageDischargeC, Northing, Easting, Latitude, Longitude, InitialSurvey, AddedOn, AddedBy, UpdatedOn, UpdatedBy) VALUES (61, '0464L', 46.4, 2, '46.4 Mile Left', NULL, 5, '2008 HFE only', NULL, NULL, NULL, NULL, 9383050, 9380000, 3, 15, NULL, NULL, NULL, NULL, NULL, 596493, 216482, 36.3784, -111.882, NULL, '2016-07-18 20:28:02', 'pgb', '2016-07-18 20:28:02', 'pgb');
INSERT INTO SandbarSites (SiteID, SiteCode, RiverMile, RiverSideID, Title, AlternateTitle, SiteTypeID, History, EddySize, ExpansionRatio8k, ExpansionRatio45k, StageChange8k45k, PrimaryGDAWS, SecondaryGDAWS, ReachID, SegmentID, CampsiteSurveyRecord, RemoteCameraID, StageDischargeA, StageDischargeB, StageDischargeC, Northing, Easting, Latitude, Longitude, InitialSurvey, AddedOn, AddedBy, UpdatedOn, UpdatedBy) VALUES (62, '0488R', 48.8, 1, '48.8 Mile Right', NULL, 5, '2008 HFE only', NULL, NULL, NULL, NULL, 9383050, 9380000, 3, 16, NULL, NULL, NULL, NULL, NULL, 593681, 217132, 36.353, -111.875, NULL, '2016-07-18 20:28:02', 'pgb', '2016-07-18 20:28:02', 'pgb');
INSERT INTO SandbarSites (SiteID, SiteCode, RiverMile, RiverSideID, Title, AlternateTitle, SiteTypeID, History, EddySize, ExpansionRatio8k, ExpansionRatio45k, StageChange8k45k, PrimaryGDAWS, SecondaryGDAWS, ReachID, SegmentID, CampsiteSurveyRecord, RemoteCameraID, StageDischargeA, StageDischargeB, StageDischargeC, Northing, Easting, Latitude, Longitude, InitialSurvey, AddedOn, AddedBy, UpdatedOn, UpdatedBy) VALUES (63, '0489L', 48.9, 2, '48.9 Mile Left', NULL, 5, '2008 HFE only', NULL, NULL, NULL, NULL, 9383050, 9380000, 3, 16, NULL, NULL, NULL, NULL, NULL, 593499, 217304, 36.3514, -111.873, NULL, '2016-07-18 20:28:02', 'pgb', '2016-07-18 20:28:02', 'pgb');
INSERT INTO SandbarSites (SiteID, SiteCode, RiverMile, RiverSideID, Title, AlternateTitle, SiteTypeID, History, EddySize, ExpansionRatio8k, ExpansionRatio45k, StageChange8k45k, PrimaryGDAWS, SecondaryGDAWS, ReachID, SegmentID, CampsiteSurveyRecord, RemoteCameraID, StageDischargeA, StageDischargeB, StageDischargeC, Northing, Easting, Latitude, Longitude, InitialSurvey, AddedOn, AddedBy, UpdatedOn, UpdatedBy) VALUES (64, '0503L', 50.3, 2, '50.3 Mile Left', NULL, 5, '2008 HFE only', NULL, NULL, NULL, NULL, 9383100, 9380000, 3, 17, NULL, NULL, NULL, NULL, NULL, 591735, 218516, 36.3355, -111.859, NULL, '2016-07-18 20:28:02', 'pgb', '2016-07-18 20:28:02', 'pgb');
INSERT INTO SandbarSites (SiteID, SiteCode, RiverMile, RiverSideID, Title, AlternateTitle, SiteTypeID, History, EddySize, ExpansionRatio8k, ExpansionRatio45k, StageChange8k45k, PrimaryGDAWS, SecondaryGDAWS, ReachID, SegmentID, CampsiteSurveyRecord, RemoteCameraID, StageDischargeA, StageDischargeB, StageDischargeC, Northing, Easting, Latitude, Longitude, InitialSurvey, AddedOn, AddedBy, UpdatedOn, UpdatedBy) VALUES (65, '0507L', 50.7, 2, '50.7 Mile Left', NULL, 5, '2008 HFE only', NULL, NULL, NULL, NULL, 9383100, 9380000, 3, 17, NULL, NULL, NULL, NULL, NULL, 591201, 218701, 36.3307, -111.857, NULL, '2016-07-18 20:28:02', 'pgb', '2016-07-18 20:28:02', 'pgb');
INSERT INTO SandbarSites (SiteID, SiteCode, RiverMile, RiverSideID, Title, AlternateTitle, SiteTypeID, History, EddySize, ExpansionRatio8k, ExpansionRatio45k, StageChange8k45k, PrimaryGDAWS, SecondaryGDAWS, ReachID, SegmentID, CampsiteSurveyRecord, RemoteCameraID, StageDischargeA, StageDischargeB, StageDischargeC, Northing, Easting, Latitude, Longitude, InitialSurvey, AddedOn, AddedBy, UpdatedOn, UpdatedBy) VALUES (66, '0509L', 50.9, 2, '50.9 Mile Left', NULL, 5, '2008 HFE only', NULL, NULL, NULL, NULL, 9383100, 9380000, 3, 17, NULL, NULL, NULL, NULL, NULL, 590793, 218619, 36.327, -111.858, NULL, '2016-07-18 20:28:02', 'pgb', '2016-07-18 20:28:02', 'pgb');
INSERT INTO SandbarSites (SiteID, SiteCode, RiverMile, RiverSideID, Title, AlternateTitle, SiteTypeID, History, EddySize, ExpansionRatio8k, ExpansionRatio45k, StageChange8k45k, PrimaryGDAWS, SecondaryGDAWS, ReachID, SegmentID, CampsiteSurveyRecord, RemoteCameraID, StageDischargeA, StageDischargeB, StageDischargeC, Northing, Easting, Latitude, Longitude, InitialSurvey, AddedOn, AddedBy, UpdatedOn, UpdatedBy) VALUES (67, '0550R', 55, 1, '55.0 Mile Left', NULL, 5, '2008 HFE only', NULL, NULL, NULL, NULL, 9383100, 9380000, 3, 18, NULL, NULL, NULL, NULL, NULL, 585368, 220044, 36.2781, -111.842, NULL, '2016-07-18 20:28:02', 'pgb', '2016-07-18 20:28:02', 'pgb');
INSERT INTO SandbarSites (SiteID, SiteCode, RiverMile, RiverSideID, Title, AlternateTitle, SiteTypeID, History, EddySize, ExpansionRatio8k, ExpansionRatio45k, StageChange8k45k, PrimaryGDAWS, SecondaryGDAWS, ReachID, SegmentID, CampsiteSurveyRecord, RemoteCameraID, StageDischargeA, StageDischargeB, StageDischargeC, Northing, Easting, Latitude, Longitude, InitialSurvey, AddedOn, AddedBy, UpdatedOn, UpdatedBy) VALUES (68, '0577L', 57.8, 2, '57.5 Mile Left', NULL, 5, '2008 HFE only', NULL, NULL, NULL, NULL, 9383100, 9380000, 3, 19, NULL, NULL, NULL, NULL, NULL, 581696, 221680, 36.245, -111.824, NULL, '2016-07-18 20:28:02', 'pgb', '2016-07-18 20:28:02', 'pgb');
INSERT INTO SandbarSites (SiteID, SiteCode, RiverMile, RiverSideID, Title, AlternateTitle, SiteTypeID, History, EddySize, ExpansionRatio8k, ExpansionRatio45k, StageChange8k45k, PrimaryGDAWS, SecondaryGDAWS, ReachID, SegmentID, CampsiteSurveyRecord, RemoteCameraID, StageDischargeA, StageDischargeB, StageDischargeC, Northing, Easting, Latitude, Longitude, InitialSurvey, AddedOn, AddedBy, UpdatedOn, UpdatedBy) VALUES (69, '0587R', 58.7, 1, '58.7 Mile Right', NULL, 5, '2008 HFE only', NULL, NULL, NULL, NULL, 9383100, 9380000, 3, 19, NULL, NULL, NULL, NULL, NULL, 580190, 221929, 36.2314, -111.821, NULL, '2016-07-18 20:28:02', 'pgb', '2016-07-18 20:28:02', 'pgb');
INSERT INTO SandbarSites (SiteID, SiteCode, RiverMile, RiverSideID, Title, AlternateTitle, SiteTypeID, History, EddySize, ExpansionRatio8k, ExpansionRatio45k, StageChange8k45k, PrimaryGDAWS, SecondaryGDAWS, ReachID, SegmentID, CampsiteSurveyRecord, RemoteCameraID, StageDischargeA, StageDischargeB, StageDischargeC, Northing, Easting, Latitude, Longitude, InitialSurvey, AddedOn, AddedBy, UpdatedOn, UpdatedBy) VALUES (70, '0595L', 59.5, 2, '59.5 Mile Left', NULL, 5, '2008 HFE only', NULL, NULL, NULL, NULL, 9383100, 9380000, 3, 20, NULL, NULL, NULL, NULL, NULL, 579216, 222621, 36.2226, -111.814, NULL, '2016-07-18 20:28:02', 'pgb', '2016-07-18 20:28:02', 'pgb');
INSERT INTO SandbarSites (SiteID, SiteCode, RiverMile, RiverSideID, Title, AlternateTitle, SiteTypeID, History, EddySize, ExpansionRatio8k, ExpansionRatio45k, StageChange8k45k, PrimaryGDAWS, SecondaryGDAWS, ReachID, SegmentID, CampsiteSurveyRecord, RemoteCameraID, StageDischargeA, StageDischargeB, StageDischargeC, Northing, Easting, Latitude, Longitude, InitialSurvey, AddedOn, AddedBy, UpdatedOn, UpdatedBy) VALUES (71, '0609L', 60.9, 2, '60.9 Mile Left', NULL, 5, '2008 HFE only', NULL, NULL, NULL, NULL, 9383100, 9380000, 3, 20, NULL, NULL, NULL, NULL, NULL, 577269, 223737, 36.205, -111.801, NULL, '2016-07-18 20:28:02', 'pgb', '2016-07-18 20:28:02', 'pgb');
INSERT INTO SandbarSites (SiteID, SiteCode, RiverMile, RiverSideID, Title, AlternateTitle, SiteTypeID, History, EddySize, ExpansionRatio8k, ExpansionRatio45k, StageChange8k45k, PrimaryGDAWS, SecondaryGDAWS, ReachID, SegmentID, CampsiteSurveyRecord, RemoteCameraID, StageDischargeA, StageDischargeB, StageDischargeC, Northing, Easting, Latitude, Longitude, InitialSurvey, AddedOn, AddedBy, UpdatedOn, UpdatedBy) VALUES (72, '0623L', 62.3, 2, '62.3 Mile Left', NULL, 5, '2008 HFE only', NULL, NULL, NULL, NULL, 9402500, 9402500, 4, 21, NULL, NULL, NULL, NULL, NULL, 575358, 223169, 36.1878, -111.808, NULL, '2016-07-18 20:28:02', 'pgb', '2016-07-18 20:28:02', 'pgb');
INSERT INTO SandbarSites (SiteID, SiteCode, RiverMile, RiverSideID, Title, AlternateTitle, SiteTypeID, History, EddySize, ExpansionRatio8k, ExpansionRatio45k, StageChange8k45k, PrimaryGDAWS, SecondaryGDAWS, ReachID, SegmentID, CampsiteSurveyRecord, RemoteCameraID, StageDischargeA, StageDischargeB, StageDischargeC, Northing, Easting, Latitude, Longitude, InitialSurvey, AddedOn, AddedBy, UpdatedOn, UpdatedBy) VALUES (73, '0644L', 64.4, 2, '64.4 Mile Left', NULL, 5, '2008 HFE only', NULL, NULL, NULL, NULL, 9402500, 9402500, 4, 22, NULL, NULL, NULL, NULL, NULL, 572253, 222828, 36.1598, -111.811, NULL, '2016-07-18 20:28:02', 'pgb', '2016-07-18 20:28:02', 'pgb');
INSERT INTO SandbarSites (SiteID, SiteCode, RiverMile, RiverSideID, Title, AlternateTitle, SiteTypeID, History, EddySize, ExpansionRatio8k, ExpansionRatio45k, StageChange8k45k, PrimaryGDAWS, SecondaryGDAWS, ReachID, SegmentID, CampsiteSurveyRecord, RemoteCameraID, StageDischargeA, StageDischargeB, StageDischargeC, Northing, Easting, Latitude, Longitude, InitialSurvey, AddedOn, AddedBy, UpdatedOn, UpdatedBy) VALUES (74, '0649L', 64.9, 2, '64.9 Mile Left', NULL, 5, '2008 HFE only', NULL, NULL, NULL, NULL, 9402500, 9402500, 4, 22, NULL, NULL, NULL, NULL, NULL, 571481, 222531, 36.1529, -111.815, NULL, '2016-07-18 20:28:02', 'pgb', '2016-07-18 20:28:02', 'pgb');
INSERT INTO SandbarSites (SiteID, SiteCode, RiverMile, RiverSideID, Title, AlternateTitle, SiteTypeID, History, EddySize, ExpansionRatio8k, ExpansionRatio45k, StageChange8k45k, PrimaryGDAWS, SecondaryGDAWS, ReachID, SegmentID, CampsiteSurveyRecord, RemoteCameraID, StageDischargeA, StageDischargeB, StageDischargeC, Northing, Easting, Latitude, Longitude, InitialSurvey, AddedOn, AddedBy, UpdatedOn, UpdatedBy) VALUES (75, '0675L', 67.5, 2, 'Espejo Creek', NULL, 5, '2008 HFE only', NULL, NULL, NULL, NULL, 9402500, 9402500, 4, 23, NULL, NULL, NULL, NULL, NULL, 567651, 221507, 36.1184, -111.826, NULL, '2016-07-18 20:28:02', 'pgb', '2016-07-18 20:28:02', 'pgb');
INSERT INTO SandbarSites (SiteID, SiteCode, RiverMile, RiverSideID, Title, AlternateTitle, SiteTypeID, History, EddySize, ExpansionRatio8k, ExpansionRatio45k, StageChange8k45k, PrimaryGDAWS, SecondaryGDAWS, ReachID, SegmentID, CampsiteSurveyRecord, RemoteCameraID, StageDischargeA, StageDischargeB, StageDischargeC, Northing, Easting, Latitude, Longitude, InitialSurvey, AddedOn, AddedBy, UpdatedOn, UpdatedBy) VALUES (76, '0685L', 68.5, 2, '68.5 Mile Left', NULL, 5, '2008 HFE only', NULL, NULL, NULL, NULL, 9402500, 9402500, 4, 23, NULL, NULL, NULL, NULL, NULL, 566060, 221461, 36.104, -111.827, NULL, '2016-07-18 20:28:02', 'pgb', '2016-07-18 20:28:02', 'pgb');
INSERT INTO SandbarSites (SiteID, SiteCode, RiverMile, RiverSideID, Title, AlternateTitle, SiteTypeID, History, EddySize, ExpansionRatio8k, ExpansionRatio45k, StageChange8k45k, PrimaryGDAWS, SecondaryGDAWS, ReachID, SegmentID, CampsiteSurveyRecord, RemoteCameraID, StageDischargeA, StageDischargeB, StageDischargeC, Northing, Easting, Latitude, Longitude, InitialSurvey, AddedOn, AddedBy, UpdatedOn, UpdatedBy) VALUES (77, '0717L', 71.7, 2, 'Below Cardenas', NULL, 5, '2008 HFE only', NULL, NULL, NULL, NULL, 9402500, 9402500, 4, 24, NULL, NULL, NULL, NULL, NULL, 564166, 217936, 36.087, -111.866, NULL, '2016-07-18 20:28:02', 'pgb', '2016-07-18 20:28:02', 'pgb');
INSERT INTO SandbarSites (SiteID, SiteCode, RiverMile, RiverSideID, Title, AlternateTitle, SiteTypeID, History, EddySize, ExpansionRatio8k, ExpansionRatio45k, StageChange8k45k, PrimaryGDAWS, SecondaryGDAWS, ReachID, SegmentID, CampsiteSurveyRecord, RemoteCameraID, StageDischargeA, StageDischargeB, StageDischargeC, Northing, Easting, Latitude, Longitude, InitialSurvey, AddedOn, AddedBy, UpdatedOn, UpdatedBy) VALUES (78, '0725L', 72.6, 2, '72.5 Mile Left', NULL, 5, '2008 HFE only', NULL, NULL, NULL, NULL, 9402500, 9402500, 4, 24, NULL, NULL, NULL, NULL, NULL, 563686, 216777, 36.0827, -111.879, NULL, '2016-07-18 20:28:02', 'pgb', '2016-07-18 20:28:02', 'pgb');
INSERT INTO SandbarSites (SiteID, SiteCode, RiverMile, RiverSideID, Title, AlternateTitle, SiteTypeID, History, EddySize, ExpansionRatio8k, ExpansionRatio45k, StageChange8k45k, PrimaryGDAWS, SecondaryGDAWS, ReachID, SegmentID, CampsiteSurveyRecord, RemoteCameraID, StageDischargeA, StageDischargeB, StageDischargeC, Northing, Easting, Latitude, Longitude, InitialSurvey, AddedOn, AddedBy, UpdatedOn, UpdatedBy) VALUES (79, '0879L', 87.9, 2, '87.9 Mile Left', NULL, 5, '2008 HFE only', NULL, NULL, NULL, NULL, 9402500, 9402500, 4, 27, NULL, NULL, NULL, NULL, NULL, 565720, 198026, 36.1009, -112.087, NULL, '2016-07-18 20:28:02', 'pgb', '2016-07-18 20:28:02', 'pgb');
INSERT INTO SandbarSites (SiteID, SiteCode, RiverMile, RiverSideID, Title, AlternateTitle, SiteTypeID, History, EddySize, ExpansionRatio8k, ExpansionRatio45k, StageChange8k45k, PrimaryGDAWS, SecondaryGDAWS, ReachID, SegmentID, CampsiteSurveyRecord, RemoteCameraID, StageDischargeA, StageDischargeB, StageDischargeC, Northing, Easting, Latitude, Longitude, InitialSurvey, AddedOn, AddedBy, UpdatedOn, UpdatedBy) VALUES (80, '1165L', 116.5, 2, '116.5 Mile Left', NULL, 5, '2008 HFE only', NULL, NULL, NULL, NULL, 9402500, 9402500, 5, NULL, NULL, NULL, NULL, NULL, NULL, 576708, 166426, 36.1989, -112.439, NULL, '2016-07-18 20:28:02', 'pgb', '2016-07-18 20:28:02', 'pgb');
INSERT INTO SandbarSites (SiteID, SiteCode, RiverMile, RiverSideID, Title, AlternateTitle, SiteTypeID, History, EddySize, ExpansionRatio8k, ExpansionRatio45k, StageChange8k45k, PrimaryGDAWS, SecondaryGDAWS, ReachID, SegmentID, CampsiteSurveyRecord, RemoteCameraID, StageDischargeA, StageDischargeB, StageDischargeC, Northing, Easting, Latitude, Longitude, InitialSurvey, AddedOn, AddedBy, UpdatedOn, UpdatedBy) VALUES (81, '1190L', 119, 2, '119 Mile Left', NULL, 5, '2008 HFE only', NULL, NULL, NULL, NULL, 9402500, 9402500, 5, NULL, NULL, NULL, NULL, NULL, NULL, 579407, 164970, 36.2232, -112.455, NULL, '2016-07-18 20:28:02', 'pgb', '2016-07-18 20:28:02', 'pgb');
INSERT INTO SandbarSites (SiteID, SiteCode, RiverMile, RiverSideID, Title, AlternateTitle, SiteTypeID, History, EddySize, ExpansionRatio8k, ExpansionRatio45k, StageChange8k45k, PrimaryGDAWS, SecondaryGDAWS, ReachID, SegmentID, CampsiteSurveyRecord, RemoteCameraID, StageDischargeA, StageDischargeB, StageDischargeC, Northing, Easting, Latitude, Longitude, InitialSurvey, AddedOn, AddedBy, UpdatedOn, UpdatedBy) VALUES (82, '1198R', 119.8, 1, '120 Mile', NULL, 5, '2008 HFE only', NULL, NULL, NULL, NULL, 9402500, 9402500, 5, NULL, NULL, NULL, NULL, NULL, NULL, 580469, 164596, 36.2327, -112.459, NULL, '2016-07-18 20:28:02', 'pgb', '2016-07-18 20:28:02', 'pgb');
INSERT INTO SandbarSites (SiteID, SiteCode, RiverMile, RiverSideID, Title, AlternateTitle, SiteTypeID, History, EddySize, ExpansionRatio8k, ExpansionRatio45k, StageChange8k45k, PrimaryGDAWS, SecondaryGDAWS, ReachID, SegmentID, CampsiteSurveyRecord, RemoteCameraID, StageDischargeA, StageDischargeB, StageDischargeC, Northing, Easting, Latitude, Longitude, InitialSurvey, AddedOn, AddedBy, UpdatedOn, UpdatedBy) VALUES (83, '1199L', 119.9, 2, '199.9 Mile Left', NULL, 5, '2008 HFE only', NULL, NULL, NULL, NULL, 9402500, 9402500, 5, NULL, NULL, NULL, NULL, NULL, NULL, 580630, 164381, 36.2341, -112.462, NULL, '2016-07-18 20:28:02', 'pgb', '2016-07-18 20:28:02', 'pgb');
INSERT INTO SandbarSites (SiteID, SiteCode, RiverMile, RiverSideID, Title, AlternateTitle, SiteTypeID, History, EddySize, ExpansionRatio8k, ExpansionRatio45k, StageChange8k45k, PrimaryGDAWS, SecondaryGDAWS, ReachID, SegmentID, CampsiteSurveyRecord, RemoteCameraID, StageDischargeA, StageDischargeB, StageDischargeC, Northing, Easting, Latitude, Longitude, InitialSurvey, AddedOn, AddedBy, UpdatedOn, UpdatedBy) VALUES (84, '1201L', 120.2, 2, '120.1 Mile Left', NULL, 5, '2008 HFE only', NULL, NULL, NULL, NULL, 9402500, 9402500, 5, NULL, NULL, NULL, NULL, NULL, NULL, 580859, 164128, 36.2362, -112.464, NULL, '2016-07-18 20:28:02', 'pgb', '2016-07-18 20:28:02', 'pgb');
INSERT INTO SandbarSites (SiteID, SiteCode, RiverMile, RiverSideID, Title, AlternateTitle, SiteTypeID, History, EddySize, ExpansionRatio8k, ExpansionRatio45k, StageChange8k45k, PrimaryGDAWS, SecondaryGDAWS, ReachID, SegmentID, CampsiteSurveyRecord, RemoteCameraID, StageDischargeA, StageDischargeB, StageDischargeC, Northing, Easting, Latitude, Longitude, InitialSurvey, AddedOn, AddedBy, UpdatedOn, UpdatedBy) VALUES (85, '1205R', 120.5, 1, '120.5 Mile Right', NULL, 5, '2008 HFE only', NULL, NULL, NULL, NULL, 9402500, 9402500, 5, NULL, NULL, NULL, NULL, NULL, NULL, 581264, 163684, 36.2398, -112.469, NULL, '2016-07-18 20:28:02', 'pgb', '2016-07-18 20:28:02', 'pgb');
INSERT INTO SandbarSites (SiteID, SiteCode, RiverMile, RiverSideID, Title, AlternateTitle, SiteTypeID, History, EddySize, ExpansionRatio8k, ExpansionRatio45k, StageChange8k45k, PrimaryGDAWS, SecondaryGDAWS, ReachID, SegmentID, CampsiteSurveyRecord, RemoteCameraID, StageDischargeA, StageDischargeB, StageDischargeC, Northing, Easting, Latitude, Longitude, InitialSurvey, AddedOn, AddedBy, UpdatedOn, UpdatedBy) VALUES (86, '1215L', 121.5, 2, '121.5 Mile Left', NULL, 5, '2008 HFE only', NULL, NULL, NULL, NULL, 9402500, 9402500, 5, NULL, NULL, NULL, NULL, NULL, NULL, 581470, 162107, 36.2416, -112.487, NULL, '2016-07-18 20:28:02', 'pgb', '2016-07-18 20:28:02', 'pgb');
INSERT INTO SandbarSites (SiteID, SiteCode, RiverMile, RiverSideID, Title, AlternateTitle, SiteTypeID, History, EddySize, ExpansionRatio8k, ExpansionRatio45k, StageChange8k45k, PrimaryGDAWS, SecondaryGDAWS, ReachID, SegmentID, CampsiteSurveyRecord, RemoteCameraID, StageDischargeA, StageDischargeB, StageDischargeC, Northing, Easting, Latitude, Longitude, InitialSurvey, AddedOn, AddedBy, UpdatedOn, UpdatedBy) VALUES (87, '1219L', 121.9, 2, '121.9 Mile Left', NULL, 5, '2008 HFE only', NULL, NULL, NULL, NULL, 9402500, 9402500, 5, NULL, NULL, NULL, NULL, NULL, NULL, 581550, 161589, 36.2423, -112.493, NULL, '2016-07-18 20:28:02', 'pgb', '2016-07-18 20:28:02', 'pgb');
INSERT INTO SandbarSites (SiteID, SiteCode, RiverMile, RiverSideID, Title, AlternateTitle, SiteTypeID, History, EddySize, ExpansionRatio8k, ExpansionRatio45k, StageChange8k45k, PrimaryGDAWS, SecondaryGDAWS, ReachID, SegmentID, CampsiteSurveyRecord, RemoteCameraID, StageDischargeA, StageDischargeB, StageDischargeC, Northing, Easting, Latitude, Longitude, InitialSurvey, AddedOn, AddedBy, UpdatedOn, UpdatedBy) VALUES (88, '1229L', 122.9, 2, '122.9 Mile Left', NULL, 5, '2008 HFE only', NULL, NULL, NULL, NULL, 9402500, 9402500, 5, NULL, NULL, NULL, NULL, NULL, NULL, 581697, 159893, 36.2435, -112.512, NULL, '2016-07-18 20:28:02', 'pgb', '2016-07-18 20:28:02', 'pgb');
INSERT INTO SandbarSites (SiteID, SiteCode, RiverMile, RiverSideID, Title, AlternateTitle, SiteTypeID, History, EddySize, ExpansionRatio8k, ExpansionRatio45k, StageChange8k45k, PrimaryGDAWS, SecondaryGDAWS, ReachID, SegmentID, CampsiteSurveyRecord, RemoteCameraID, StageDischargeA, StageDischargeB, StageDischargeC, Northing, Easting, Latitude, Longitude, InitialSurvey, AddedOn, AddedBy, UpdatedOn, UpdatedBy) VALUES (89, '1269R', 126.8, 1, '126.9 Mile Right', NULL, 5, '2008 HFE only', NULL, NULL, NULL, NULL, 9402500, 9402500, 5, NULL, NULL, NULL, NULL, NULL, NULL, 585901, 160486, 36.2815, -112.505, NULL, '2016-07-18 20:28:02', 'pgb', '2016-07-18 20:28:02', 'pgb');
INSERT INTO SandbarSites (SiteID, SiteCode, RiverMile, RiverSideID, Title, AlternateTitle, SiteTypeID, History, EddySize, ExpansionRatio8k, ExpansionRatio45k, StageChange8k45k, PrimaryGDAWS, SecondaryGDAWS, ReachID, SegmentID, CampsiteSurveyRecord, RemoteCameraID, StageDischargeA, StageDischargeB, StageDischargeC, Northing, Easting, Latitude, Longitude, InitialSurvey, AddedOn, AddedBy, UpdatedOn, UpdatedBy) VALUES (90, '1273R', 127.3, 1, '127.3 Mile Right', NULL, 5, '2008 HFE only', NULL, NULL, NULL, NULL, 9402500, 9402500, 5, NULL, NULL, NULL, NULL, NULL, NULL, 586456, 160931, 36.2865, -112.5, NULL, '2016-07-18 20:28:02', 'pgb', '2016-07-18 20:28:02', 'pgb');
INSERT INTO SandbarSites (SiteID, SiteCode, RiverMile, RiverSideID, Title, AlternateTitle, SiteTypeID, History, EddySize, ExpansionRatio8k, ExpansionRatio45k, StageChange8k45k, PrimaryGDAWS, SecondaryGDAWS, ReachID, SegmentID, CampsiteSurveyRecord, RemoteCameraID, StageDischargeA, StageDischargeB, StageDischargeC, Northing, Easting, Latitude, Longitude, InitialSurvey, AddedOn, AddedBy, UpdatedOn, UpdatedBy) VALUES (91, '1653L', 165.3, 2, '165.3 Mile Left', NULL, 5, '2008 HFE only', NULL, NULL, NULL, NULL, 9404200, 9402500, 5, NULL, NULL, NULL, NULL, NULL, NULL, 585668, 127059, 36.2769, -112.877, NULL, '2016-07-18 20:28:02', 'pgb', '2016-07-18 20:28:02', 'pgb');
INSERT INTO SandbarSites (SiteID, SiteCode, RiverMile, RiverSideID, Title, AlternateTitle, SiteTypeID, History, EddySize, ExpansionRatio8k, ExpansionRatio45k, StageChange8k45k, PrimaryGDAWS, SecondaryGDAWS, ReachID, SegmentID, CampsiteSurveyRecord, RemoteCameraID, StageDischargeA, StageDischargeB, StageDischargeC, Northing, Easting, Latitude, Longitude, InitialSurvey, AddedOn, AddedBy, UpdatedOn, UpdatedBy) VALUES (92, '1657R', 165.7, 1, '165.7 Mile Right', NULL, 5, '2008 HFE only', NULL, NULL, NULL, NULL, 9404200, 9402500, 5, NULL, NULL, NULL, NULL, NULL, NULL, 585166, 126800, 36.2724, -112.88, NULL, '2016-07-18 20:28:02', 'pgb', '2016-07-18 20:28:02', 'pgb');
INSERT INTO SandbarSites (SiteID, SiteCode, RiverMile, RiverSideID, Title, AlternateTitle, SiteTypeID, History, EddySize, ExpansionRatio8k, ExpansionRatio45k, StageChange8k45k, PrimaryGDAWS, SecondaryGDAWS, ReachID, SegmentID, CampsiteSurveyRecord, RemoteCameraID, StageDischargeA, StageDischargeB, StageDischargeC, Northing, Easting, Latitude, Longitude, InitialSurvey, AddedOn, AddedBy, UpdatedOn, UpdatedBy) VALUES (93, '1681R', 168.1, 1, '168.1 Mile Right', NULL, 5, '2008 HFE only', NULL, NULL, NULL, NULL, 9404200, 9404200, 6, NULL, NULL, NULL, NULL, NULL, NULL, 583434, 124056, 36.2565, -112.91, NULL, '2016-07-18 20:28:02', 'pgb', '2016-07-18 20:28:02', 'pgb');
INSERT INTO SandbarSites (SiteID, SiteCode, RiverMile, RiverSideID, Title, AlternateTitle, SiteTypeID, History, EddySize, ExpansionRatio8k, ExpansionRatio45k, StageChange8k45k, PrimaryGDAWS, SecondaryGDAWS, ReachID, SegmentID, CampsiteSurveyRecord, RemoteCameraID, StageDischargeA, StageDischargeB, StageDischargeC, Northing, Easting, Latitude, Longitude, InitialSurvey, AddedOn, AddedBy, UpdatedOn, UpdatedBy) VALUES (94, '1727L', 172.7, 2, '172.7 Mile Left', NULL, 5, '2008 HFE only', NULL, NULL, NULL, NULL, 9404200, 9404200, 6, NULL, NULL, NULL, NULL, NULL, NULL, 580732, 117821, 36.2316, -112.979, NULL, '2016-07-18 20:28:02', 'pgb', '2016-07-18 20:28:02', 'pgb');
INSERT INTO SandbarSites (SiteID, SiteCode, RiverMile, RiverSideID, Title, AlternateTitle, SiteTypeID, History, EddySize, ExpansionRatio8k, ExpansionRatio45k, StageChange8k45k, PrimaryGDAWS, SecondaryGDAWS, ReachID, SegmentID, CampsiteSurveyRecord, RemoteCameraID, StageDischargeA, StageDischargeB, StageDischargeC, Northing, Easting, Latitude, Longitude, InitialSurvey, AddedOn, AddedBy, UpdatedOn, UpdatedBy) VALUES (95, '1754R', 175.4, 1, '175.4 Mile Right', NULL, 5, '2008 HFE only', NULL, NULL, NULL, NULL, 9404200, 9404200, 6, NULL, NULL, NULL, NULL, NULL, NULL, 581107, 113840, 36.2346, -113.024, NULL, '2016-07-18 20:28:02', 'pgb', '2016-07-18 20:28:02', 'pgb');
INSERT INTO SandbarSites (SiteID, SiteCode, RiverMile, RiverSideID, Title, AlternateTitle, SiteTypeID, History, EddySize, ExpansionRatio8k, ExpansionRatio45k, StageChange8k45k, PrimaryGDAWS, SecondaryGDAWS, ReachID, SegmentID, CampsiteSurveyRecord, RemoteCameraID, StageDischargeA, StageDischargeB, StageDischargeC, Northing, Easting, Latitude, Longitude, InitialSurvey, AddedOn, AddedBy, UpdatedOn, UpdatedBy) VALUES (96, '1761R', 176.1, 1, '176.1 Mile Right', NULL, 5, '2008 HFE only', NULL, NULL, NULL, NULL, 9404200, 9404200, 6, NULL, NULL, NULL, NULL, NULL, NULL, 580626, 112897, 36.2301, -113.034, NULL, '2016-07-18 20:28:02', 'pgb', '2016-07-18 20:28:02', 'pgb');
INSERT INTO SandbarSites (SiteID, SiteCode, RiverMile, RiverSideID, Title, AlternateTitle, SiteTypeID, History, EddySize, ExpansionRatio8k, ExpansionRatio45k, StageChange8k45k, PrimaryGDAWS, SecondaryGDAWS, ReachID, SegmentID, CampsiteSurveyRecord, RemoteCameraID, StageDischargeA, StageDischargeB, StageDischargeC, Northing, Easting, Latitude, Longitude, InitialSurvey, AddedOn, AddedBy, UpdatedOn, UpdatedBy) VALUES (97, '1793R', 179.3, 1, '179.3 Mile Right', NULL, 5, '2008 HFE only', NULL, NULL, NULL, NULL, 9404200, 9404200, 6, NULL, NULL, NULL, NULL, NULL, NULL, 577455, 109099, 36.2012, -113.076, NULL, '2016-07-18 20:28:02', 'pgb', '2016-07-18 20:28:02', 'pgb');
INSERT INTO SandbarSites (SiteID, SiteCode, RiverMile, RiverSideID, Title, AlternateTitle, SiteTypeID, History, EddySize, ExpansionRatio8k, ExpansionRatio45k, StageChange8k45k, PrimaryGDAWS, SecondaryGDAWS, ReachID, SegmentID, CampsiteSurveyRecord, RemoteCameraID, StageDischargeA, StageDischargeB, StageDischargeC, Northing, Easting, Latitude, Longitude, InitialSurvey, AddedOn, AddedBy, UpdatedOn, UpdatedBy) VALUES (98, '1814R', 181.4, 1, '181.4 Mile Right', NULL, 5, '2008 HFE only', NULL, NULL, NULL, NULL, 9404200, 9404200, 6, NULL, NULL, NULL, NULL, NULL, NULL, 575930, 106184, 36.1871, -113.108, NULL, '2016-07-18 20:28:02', 'pgb', '2016-07-18 20:28:02', 'pgb');
INSERT INTO SandbarSites (SiteID, SiteCode, RiverMile, RiverSideID, Title, AlternateTitle, SiteTypeID, History, EddySize, ExpansionRatio8k, ExpansionRatio45k, StageChange8k45k, PrimaryGDAWS, SecondaryGDAWS, ReachID, SegmentID, CampsiteSurveyRecord, RemoteCameraID, StageDischargeA, StageDischargeB, StageDischargeC, Northing, Easting, Latitude, Longitude, InitialSurvey, AddedOn, AddedBy, UpdatedOn, UpdatedBy) VALUES (99, '1880R', 188, 1, '188 Mile Right', NULL, 5, '2008 HFE only', NULL, NULL, NULL, NULL, 9404200, 9404200, 6, NULL, NULL, NULL, NULL, NULL, NULL, 572034, 97847.4, 36.151, -113.2, NULL, '2016-07-18 20:28:02', 'pgb', '2016-07-18 20:28:02', 'pgb');
INSERT INTO SandbarSites (SiteID, SiteCode, RiverMile, RiverSideID, Title, AlternateTitle, SiteTypeID, History, EddySize, ExpansionRatio8k, ExpansionRatio45k, StageChange8k45k, PrimaryGDAWS, SecondaryGDAWS, ReachID, SegmentID, CampsiteSurveyRecord, RemoteCameraID, StageDischargeA, StageDischargeB, StageDischargeC, Northing, Easting, Latitude, Longitude, InitialSurvey, AddedOn, AddedBy, UpdatedOn, UpdatedBy) VALUES (100, '1955R', 195.5, 1, '195 Mile', NULL, 5, '2008 HFE only', NULL, NULL, NULL, NULL, 9404200, 9404200, 6, NULL, NULL, NULL, NULL, NULL, NULL, 564890, 86456, 36.0852, -113.326, NULL, '2016-07-18 20:28:02', 'pgb', '2016-07-18 20:28:02', 'pgb');
INSERT INTO SandbarSites (SiteID, SiteCode, RiverMile, RiverSideID, Title, AlternateTitle, SiteTypeID, History, EddySize, ExpansionRatio8k, ExpansionRatio45k, StageChange8k45k, PrimaryGDAWS, SecondaryGDAWS, ReachID, SegmentID, CampsiteSurveyRecord, RemoteCameraID, StageDischargeA, StageDischargeB, StageDischargeC, Northing, Easting, Latitude, Longitude, InitialSurvey, AddedOn, AddedBy, UpdatedOn, UpdatedBy) VALUES (101, '1964R', 196.4, 1, '196.4 Mile Right', NULL, 5, '2008 HFE only', NULL, NULL, NULL, NULL, 9404200, 9404200, 6, NULL, NULL, NULL, NULL, NULL, NULL, 566258, 90375.7, 36.0981, -113.282, NULL, '2016-07-18 20:28:02', 'pgb', '2016-07-18 20:28:02', 'pgb');
INSERT INTO SandbarSites (SiteID, SiteCode, RiverMile, RiverSideID, Title, AlternateTitle, SiteTypeID, History, EddySize, ExpansionRatio8k, ExpansionRatio45k, StageChange8k45k, PrimaryGDAWS, SecondaryGDAWS, ReachID, SegmentID, CampsiteSurveyRecord, RemoteCameraID, StageDischargeA, StageDischargeB, StageDischargeC, Northing, Easting, Latitude, Longitude, InitialSurvey, AddedOn, AddedBy, UpdatedOn, UpdatedBy) VALUES (102, '1979R', 197.9, 1, '197.9 Mile Right', NULL, 5, '2008 HFE only', NULL, NULL, NULL, NULL, 9404200, 9404200, 6, NULL, NULL, NULL, NULL, NULL, NULL, 566505, 88105.3, 36.1, -113.308, NULL, '2016-07-18 20:28:02', 'pgb', '2016-07-18 20:28:02', 'pgb');
INSERT INTO SandbarSites (SiteID, SiteCode, RiverMile, RiverSideID, Title, AlternateTitle, SiteTypeID, History, EddySize, ExpansionRatio8k, ExpansionRatio45k, StageChange8k45k, PrimaryGDAWS, SecondaryGDAWS, ReachID, SegmentID, CampsiteSurveyRecord, RemoteCameraID, StageDischargeA, StageDischargeB, StageDischargeC, Northing, Easting, Latitude, Longitude, InitialSurvey, AddedOn, AddedBy, UpdatedOn, UpdatedBy) VALUES (103, '1995L', 199.5, 2, '199.5 Mile Left', NULL, 5, '2008 HFE only', NULL, NULL, NULL, NULL, 9404200, 9404200, 6, NULL, NULL, NULL, NULL, NULL, NULL, 564867, 86549, 36.085, -113.325, NULL, '2016-07-18 20:28:02', 'pgb', '2016-07-18 20:28:02', 'pgb');
INSERT INTO SandbarSites (SiteID, SiteCode, RiverMile, RiverSideID, Title, AlternateTitle, SiteTypeID, History, EddySize, ExpansionRatio8k, ExpansionRatio45k, StageChange8k45k, PrimaryGDAWS, SecondaryGDAWS, ReachID, SegmentID, CampsiteSurveyRecord, RemoteCameraID, StageDischargeA, StageDischargeB, StageDischargeC, Northing, Easting, Latitude, Longitude, InitialSurvey, AddedOn, AddedBy, UpdatedOn, UpdatedBy) VALUES (104, '2017R', 201.7, 1, '201.7 Mile Right', NULL, 5, '2008 HFE only', NULL, NULL, NULL, NULL, 9404200, 9404200, 6, NULL, NULL, NULL, NULL, NULL, NULL, 562110, 84836.4, 36.06, -113.343, NULL, '2016-07-18 20:28:02', 'pgb', '2016-07-18 20:28:02', 'pgb');
INSERT INTO SandbarSites (SiteID, SiteCode, RiverMile, RiverSideID, Title, AlternateTitle, SiteTypeID, History, EddySize, ExpansionRatio8k, ExpansionRatio45k, StageChange8k45k, PrimaryGDAWS, SecondaryGDAWS, ReachID, SegmentID, CampsiteSurveyRecord, RemoteCameraID, StageDischargeA, StageDischargeB, StageDischargeC, Northing, Easting, Latitude, Longitude, InitialSurvey, AddedOn, AddedBy, UpdatedOn, UpdatedBy) VALUES (105, '2044R', 204.4, 1, '204.4 Mile Right', NULL, 5, '2008 HFE only', NULL, NULL, NULL, NULL, 9404200, 9404200, 6, NULL, NULL, NULL, NULL, NULL, NULL, 558021, 84108.4, 36.023, -113.351, NULL, '2016-07-18 20:28:02', 'pgb', '2016-07-18 20:28:02', 'pgb');
INSERT INTO SandbarSites (SiteID, SiteCode, RiverMile, RiverSideID, Title, AlternateTitle, SiteTypeID, History, EddySize, ExpansionRatio8k, ExpansionRatio45k, StageChange8k45k, PrimaryGDAWS, SecondaryGDAWS, ReachID, SegmentID, CampsiteSurveyRecord, RemoteCameraID, StageDischargeA, StageDischargeB, StageDischargeC, Northing, Easting, Latitude, Longitude, InitialSurvey, AddedOn, AddedBy, UpdatedOn, UpdatedBy) VALUES (106, '2052L', 205.2, 2, '205.2 Mile Left', NULL, 5, '2008 HFE only', NULL, NULL, NULL, NULL, 9404200, 9404200, 6, NULL, NULL, NULL, NULL, NULL, NULL, 556818, 84476.3, 36.0122, -113.346, NULL, '2016-07-18 20:28:02', 'pgb', '2016-07-18 20:28:02', 'pgb');
INSERT INTO SandbarSites (SiteID, SiteCode, RiverMile, RiverSideID, Title, AlternateTitle, SiteTypeID, History, EddySize, ExpansionRatio8k, ExpansionRatio45k, StageChange8k45k, PrimaryGDAWS, SecondaryGDAWS, ReachID, SegmentID, CampsiteSurveyRecord, RemoteCameraID, StageDischargeA, StageDischargeB, StageDischargeC, Northing, Easting, Latitude, Longitude, InitialSurvey, AddedOn, AddedBy, UpdatedOn, UpdatedBy) VALUES (107, '2067R', 206.7, 1, '206.7 Mile Right', NULL, 5, '2008 HFE only', NULL, NULL, NULL, NULL, 9404200, 9404200, 6, NULL, NULL, NULL, NULL, NULL, NULL, 554739, 84861.2, 35.9936, -113.342, NULL, '2016-07-18 20:28:02', 'pgb', '2016-07-18 20:28:02', 'pgb');
INSERT INTO SandbarSites (SiteID, SiteCode, RiverMile, RiverSideID, Title, AlternateTitle, SiteTypeID, History, EddySize, ExpansionRatio8k, ExpansionRatio45k, StageChange8k45k, PrimaryGDAWS, SecondaryGDAWS, ReachID, SegmentID, CampsiteSurveyRecord, RemoteCameraID, StageDischargeA, StageDischargeB, StageDischargeC, Northing, Easting, Latitude, Longitude, InitialSurvey, AddedOn, AddedBy, UpdatedOn, UpdatedBy) VALUES (108, '2114L', 211.4, 2, 'Above Fall Canyon', NULL, 5, '2008 HFE only', NULL, NULL, NULL, NULL, 9404200, 9404200, 6, NULL, NULL, NULL, NULL, NULL, NULL, 548861, 86257.8, 35.9408, -113.325, NULL, '2016-07-18 20:28:02', 'pgb', '2016-07-18 20:28:02', 'pgb');
INSERT INTO SandbarSites (SiteID, SiteCode, RiverMile, RiverSideID, Title, AlternateTitle, SiteTypeID, History, EddySize, ExpansionRatio8k, ExpansionRatio45k, StageChange8k45k, PrimaryGDAWS, SecondaryGDAWS, ReachID, SegmentID, CampsiteSurveyRecord, RemoteCameraID, StageDischargeA, StageDischargeB, StageDischargeC, Northing, Easting, Latitude, Longitude, InitialSurvey, AddedOn, AddedBy, UpdatedOn, UpdatedBy) VALUES (109, '2118R', 211.8, 1, '211.8 Mile Right', NULL, 5, '2008 HFE only', NULL, NULL, NULL, NULL, 9404200, 9404200, 6, NULL, NULL, NULL, NULL, NULL, NULL, 548130, 86171.7, 35.9342, -113.326, NULL, '2016-07-18 20:28:02', 'pgb', '2016-07-18 20:28:02', 'pgb');
INSERT INTO SandbarSites (SiteID, SiteCode, RiverMile, RiverSideID, Title, AlternateTitle, SiteTypeID, History, EddySize, ExpansionRatio8k, ExpansionRatio45k, StageChange8k45k, PrimaryGDAWS, SecondaryGDAWS, ReachID, SegmentID, CampsiteSurveyRecord, RemoteCameraID, StageDischargeA, StageDischargeB, StageDischargeC, Northing, Easting, Latitude, Longitude, InitialSurvey, AddedOn, AddedBy, UpdatedOn, UpdatedBy) VALUES (110, '2130R', 213, 1, '213 Mile Right', NULL, 5, '2008 HFE only', NULL, NULL, NULL, NULL, 9404200, 9404200, 6, NULL, NULL, NULL, NULL, NULL, NULL, 546456, 85401.6, 35.919, -113.334, NULL, '2016-07-18 20:28:02', 'pgb', '2016-07-18 20:28:02', 'pgb');
INSERT INTO SandbarSites (SiteID, SiteCode, RiverMile, RiverSideID, Title, AlternateTitle, SiteTypeID, History, EddySize, ExpansionRatio8k, ExpansionRatio45k, StageChange8k45k, PrimaryGDAWS, SecondaryGDAWS, ReachID, SegmentID, CampsiteSurveyRecord, RemoteCameraID, StageDischargeA, StageDischargeB, StageDischargeC, Northing, Easting, Latitude, Longitude, InitialSurvey, AddedOn, AddedBy, UpdatedOn, UpdatedBy) VALUES (111, '2145R', 214.5, 1, '214.5 Mile Right', NULL, 5, '2008 HFE only', NULL, NULL, NULL, NULL, 9404200, 9404200, 6, NULL, NULL, NULL, NULL, NULL, NULL, 544504, 86311.1, 35.9015, -113.324, NULL, '2016-07-18 20:28:02', 'pgb', '2016-07-18 20:28:02', 'pgb');
INSERT INTO SandbarSites (SiteID, SiteCode, RiverMile, RiverSideID, Title, AlternateTitle, SiteTypeID, History, EddySize, ExpansionRatio8k, ExpansionRatio45k, StageChange8k45k, PrimaryGDAWS, SecondaryGDAWS, ReachID, SegmentID, CampsiteSurveyRecord, RemoteCameraID, StageDischargeA, StageDischargeB, StageDischargeC, Northing, Easting, Latitude, Longitude, InitialSurvey, AddedOn, AddedBy, UpdatedOn, UpdatedBy) VALUES (112, '2166R', 216.6, 1, '216.6 Mile Right', NULL, 5, '2008 HFE only', NULL, NULL, NULL, NULL, 9404200, 9404200, 6, NULL, NULL, NULL, NULL, NULL, NULL, 541767, 87280.5, 35.877, -113.313, NULL, '2016-07-18 20:28:02', 'pgb', '2016-07-18 20:28:02', 'pgb');
INSERT INTO SandbarSites (SiteID, SiteCode, RiverMile, RiverSideID, Title, AlternateTitle, SiteTypeID, History, EddySize, ExpansionRatio8k, ExpansionRatio45k, StageChange8k45k, PrimaryGDAWS, SecondaryGDAWS, ReachID, SegmentID, CampsiteSurveyRecord, RemoteCameraID, StageDischargeA, StageDischargeB, StageDischargeC, Northing, Easting, Latitude, Longitude, InitialSurvey, AddedOn, AddedBy, UpdatedOn, UpdatedBy) VALUES (113, '2223L', 222.3, 2, '222.3 Mile Left', NULL, 5, '2008 HFE only', NULL, NULL, NULL, NULL, 9404200, 9404200, 6, NULL, NULL, NULL, NULL, NULL, NULL, 533585, 85336.2, 35.803, -113.333, NULL, '2016-07-18 20:28:02', 'pgb', '2016-07-18 20:28:02', 'pgb');
INSERT INTO SandbarSites (SiteID, SiteCode, RiverMile, RiverSideID, Title, AlternateTitle, SiteTypeID, History, EddySize, ExpansionRatio8k, ExpansionRatio45k, StageChange8k45k, PrimaryGDAWS, SecondaryGDAWS, ReachID, SegmentID, CampsiteSurveyRecord, RemoteCameraID, StageDischargeA, StageDischargeB, StageDischargeC, Northing, Easting, Latitude, Longitude, InitialSurvey, AddedOn, AddedBy, UpdatedOn, UpdatedBy) VALUES (114, '2281L', 228.1, 2, '228.1 Mile Left', NULL, 5, '2008 HFE only', NULL, NULL, NULL, NULL, 9404200, 9404200, NULL, NULL, NULL, NULL, NULL, NULL, NULL, 528014, 78861.2, 35.752, -113.404, NULL, '2016-07-18 20:28:02', 'pgb', '2016-07-18 20:28:02', 'pgb');
INSERT INTO SandbarSites (SiteID, SiteCode, RiverMile, RiverSideID, Title, AlternateTitle, SiteTypeID, History, EddySize, ExpansionRatio8k, ExpansionRatio45k, StageChange8k45k, PrimaryGDAWS, SecondaryGDAWS, ReachID, SegmentID, CampsiteSurveyRecord, RemoteCameraID, StageDischargeA, StageDischargeB, StageDischargeC, Northing, Easting, Latitude, Longitude, InitialSurvey, AddedOn, AddedBy, UpdatedOn, UpdatedBy) VALUES (115, '2396R', 239.6, 1, '239.6 Mile Right', NULL, 5, '2008 HFE only', NULL, NULL, NULL, NULL, 9404200, 9404200, NULL, NULL, NULL, NULL, NULL, NULL, NULL, 535750, 64151.5, 35.8195, -113.568, NULL, '2016-07-18 20:28:02', 'pgb', '2016-07-18 20:28:02', 'pgb');
INSERT INTO SandbarSites (SiteID, SiteCode, RiverMile, RiverSideID, Title, AlternateTitle, SiteTypeID, History, EddySize, ExpansionRatio8k, ExpansionRatio45k, StageChange8k45k, PrimaryGDAWS, SecondaryGDAWS, ReachID, SegmentID, CampsiteSurveyRecord, RemoteCameraID, StageDischargeA, StageDischargeB, StageDischargeC, Northing, Easting, Latitude, Longitude, InitialSurvey, AddedOn, AddedBy, UpdatedOn, UpdatedBy) VALUES (116, '2430R', 243, 1, '243 Mile Right', NULL, 5, '2008 HFE only', NULL, NULL, NULL, NULL, 9404200, 9404200, NULL, NULL, NULL, NULL, NULL, NULL, NULL, 539110, 60058.5, 35.8492, -113.614, NULL, '2016-07-18 20:28:02', 'pgb', '2016-07-18 20:28:02', 'pgb');

-- Table: LookupListItems
CREATE TABLE LookupListItems (ItemID INTEGER PRIMARY KEY, ListID INTEGER REFERENCES LookupLists (ListID) ON DELETE CASCADE ON UPDATE CASCADE NOT NULL, Title TEXT (50), AddedOn DATETIME DEFAULT (CURRENT_TIMESTAMP), UpdatedOn DATETIME DEFAULT (CURRENT_TIMESTAMP))
INSERT INTO LookupListItems (ItemID, ListID, Title, AddedOn, UpdatedOn) VALUES (1, 1, 'Right', '2016-07-18 17:08:59', '2016-07-18 17:08:59');
INSERT INTO LookupListItems (ItemID, ListID, Title, AddedOn, UpdatedOn) VALUES (2, 1, 'Left', '2016-07-18 17:08:59', '2016-07-18 17:08:59');
INSERT INTO LookupListItems (ItemID, ListID, Title, AddedOn, UpdatedOn) VALUES (3, 2, 'Sandbar Monitoring', '2016-07-18 17:13:16', '2016-07-18 17:13:16');
INSERT INTO LookupListItems (ItemID, ListID, Title, AddedOn, UpdatedOn) VALUES (4, 2, 'Sandbar Irregular', '2016-07-18 17:13:16', '2016-07-18 17:13:16');
INSERT INTO LookupListItems (ItemID, ListID, Title, AddedOn, UpdatedOn) VALUES (5, 2, 'Sandbar Backwater', '2016-07-18 17:13:16', '2016-07-18 17:13:16');
INSERT INTO LookupListItems (ItemID, ListID, Title, AddedOn, UpdatedOn) VALUES (6, 3, 'Separation', '2016-07-18 17:18:00', '2016-07-18 17:18:00');
INSERT INTO LookupListItems (ItemID, ListID, Title, AddedOn, UpdatedOn) VALUES (7, 3, 'Re-attachment', '2016-07-18 17:18:00', '2016-07-18 17:18:00');
INSERT INTO LookupListItems (ItemID, ListID, Title, AddedOn, UpdatedOn) VALUES (8, 3, 'Unknown', '2016-07-18 17:18:00', '2016-07-18 17:18:00');

-- Table: Reaches
CREATE TABLE Reaches (ReachID INTEGER PRIMARY KEY, ReachCode TEXT (10) NOT NULL UNIQUE, Title TEXT (50) UNIQUE NOT NULL, AddedOn DATETIME DEFAULT (CURRENT_TIMESTAMP) NOT NULL, AddedBy TEXT (50) NOT NULL, UpdatedOn DATETIME DEFAULT (CURRENT_TIMESTAMP) NOT NULL, UpdatedBy TEXT (50) NOT NULL)
INSERT INTO Reaches (ReachID, ReachCode, Title, AddedOn, AddedBy, UpdatedOn, UpdatedBy) VALUES (1, '0_Glen', 'Glen Canyon', '2016-07-18 17:40:40', 'pgb', '2016-07-18 17:40:40', 'pgb');
INSERT INTO Reaches (ReachID, ReachCode, Title, AddedOn, AddedBy, UpdatedOn, UpdatedBy) VALUES (2, '1_UMC', 'Upper Marble Canyon', '2016-07-18 17:41:02', 'pgb', '2016-07-18 17:41:02', 'pgb');
INSERT INTO Reaches (ReachID, ReachCode, Title, AddedOn, AddedBy, UpdatedOn, UpdatedBy) VALUES (3, '2_LMC', 'Lower Marble Canyon', '2016-07-18 17:41:24', 'pgb', '2016-07-18 17:41:24', 'pgb');
INSERT INTO Reaches (ReachID, ReachCode, Title, AddedOn, AddedBy, UpdatedOn, UpdatedBy) VALUES (4, '3_EGC', 'EGC', '2016-07-18 17:42:15', 'pgb', '2016-07-18 17:42:15', 'pgb');
INSERT INTO Reaches (ReachID, ReachCode, Title, AddedOn, AddedBy, UpdatedOn, UpdatedBy) VALUES (5, '4_CGC', 'CGC', '2016-07-18 17:42:15', 'pgb', '2016-07-18 17:42:15', 'pgb');
INSERT INTO Reaches (ReachID, ReachCode, Title, AddedOn, AddedBy, UpdatedOn, UpdatedBy) VALUES (6, '5_WGC', 'WGC', '2016-07-18 17:46:41', 'pgb', '2016-07-18 17:46:41', 'pgb');

-- Table: Segments
CREATE TABLE Segments (SegmentID INTEGER PRIMARY KEY, SegmentCode TEXT (10) NOT NULL UNIQUE, Title TEXT (50) UNIQUE NOT NULL, UpstreamRiverMile REAL NOT NULL, DownstreamRiverMile REAL NOT NULL, AddedBy TEXT (50) NOT NULL, UpdatedBy TEXT (50) NOT NULL, AddedOn DATETIME NOT NULL DEFAULT (CURRENT_TIMESTAMP), UpdatedOn DATETIME NOT NULL DEFAULT (CURRENT_TIMESTAMP))
INSERT INTO Segments (SegmentID, SegmentCode, Title, UpstreamRiverMile, DownstreamRiverMile, AddedBy, UpdatedBy, AddedOn, UpdatedOn) VALUES (1, 'Seg_000', 'Seg_000', 0, 0, 'pbg', 'pbg', '2016-07-18 18:22:08', '2016-07-18 18:22:08');
INSERT INTO Segments (SegmentID, SegmentCode, Title, UpstreamRiverMile, DownstreamRiverMile, AddedBy, UpdatedBy, AddedOn, UpdatedOn) VALUES (2, 'Seg_001', 'Seg_001', 0, 0, 'pbg', 'pbg', '2016-07-18 18:22:08', '2016-07-18 18:22:08');
INSERT INTO Segments (SegmentID, SegmentCode, Title, UpstreamRiverMile, DownstreamRiverMile, AddedBy, UpdatedBy, AddedOn, UpdatedOn) VALUES (3, 'Seg_003', 'Seg_003', 0, 0, 'pbg', 'pbg', '2016-07-18 18:22:08', '2016-07-18 18:22:08');
INSERT INTO Segments (SegmentID, SegmentCode, Title, UpstreamRiverMile, DownstreamRiverMile, AddedBy, UpdatedBy, AddedOn, UpdatedOn) VALUES (4, 'Seg_008', 'Seg_008', 0, 0, 'pbg', 'pbg', '2016-07-18 18:22:08', '2016-07-18 18:22:08');
INSERT INTO Segments (SegmentID, SegmentCode, Title, UpstreamRiverMile, DownstreamRiverMile, AddedBy, UpdatedBy, AddedOn, UpdatedOn) VALUES (5, 'Seg_015', 'Seg_015', 0, 0, 'pbg', 'pbg', '2016-07-18 18:22:08', '2016-07-18 18:22:08');
INSERT INTO Segments (SegmentID, SegmentCode, Title, UpstreamRiverMile, DownstreamRiverMile, AddedBy, UpdatedBy, AddedOn, UpdatedOn) VALUES (6, 'Seg_018', 'Seg_018', 0, 0, 'pbg', 'pbg', '2016-07-18 18:22:08', '2016-07-18 18:22:08');
INSERT INTO Segments (SegmentID, SegmentCode, Title, UpstreamRiverMile, DownstreamRiverMile, AddedBy, UpdatedBy, AddedOn, UpdatedOn) VALUES (7, 'Seg_022', 'Seg_022', 0, 0, 'pbg', 'pbg', '2016-07-18 18:22:08', '2016-07-18 18:22:08');
INSERT INTO Segments (SegmentID, SegmentCode, Title, UpstreamRiverMile, DownstreamRiverMile, AddedBy, UpdatedBy, AddedOn, UpdatedOn) VALUES (8, 'Seg_024', 'Seg_024', 0, 0, 'pbg', 'pbg', '2016-07-18 18:22:08', '2016-07-18 18:22:08');
INSERT INTO Segments (SegmentID, SegmentCode, Title, UpstreamRiverMile, DownstreamRiverMile, AddedBy, UpdatedBy, AddedOn, UpdatedOn) VALUES (9, 'Seg_026', 'Seg_026', 0, 0, 'pbg', 'pbg', '2016-07-18 18:22:08', '2016-07-18 18:22:08');
INSERT INTO Segments (SegmentID, SegmentCode, Title, UpstreamRiverMile, DownstreamRiverMile, AddedBy, UpdatedBy, AddedOn, UpdatedOn) VALUES (10, 'Seg_029', 'Seg_029', 0, 0, 'pbg', 'pbg', '2016-07-18 18:22:08', '2016-07-18 18:22:08');
INSERT INTO Segments (SegmentID, SegmentCode, Title, UpstreamRiverMile, DownstreamRiverMile, AddedBy, UpdatedBy, AddedOn, UpdatedOn) VALUES (11, 'Seg_033', 'Seg_033', 0, 0, 'pbg', 'pbg', '2016-07-18 18:22:08', '2016-07-18 18:22:08');
INSERT INTO Segments (SegmentID, SegmentCode, Title, UpstreamRiverMile, DownstreamRiverMile, AddedBy, UpdatedBy, AddedOn, UpdatedOn) VALUES (12, 'Seg_034', 'Seg_034', 0, 0, 'pbg', 'pbg', '2016-07-18 18:22:08', '2016-07-18 18:22:08');
INSERT INTO Segments (SegmentID, SegmentCode, Title, UpstreamRiverMile, DownstreamRiverMile, AddedBy, UpdatedBy, AddedOn, UpdatedOn) VALUES (13, 'Seg_036', 'Seg_036', 0, 0, 'pbg', 'pbg', '2016-07-18 18:22:08', '2016-07-18 18:22:08');
INSERT INTO Segments (SegmentID, SegmentCode, Title, UpstreamRiverMile, DownstreamRiverMile, AddedBy, UpdatedBy, AddedOn, UpdatedOn) VALUES (14, 'Seg_039', 'Seg_039', 0, 0, 'pbg', 'pbg', '2016-07-18 18:22:08', '2016-07-18 18:22:08');
INSERT INTO Segments (SegmentID, SegmentCode, Title, UpstreamRiverMile, DownstreamRiverMile, AddedBy, UpdatedBy, AddedOn, UpdatedOn) VALUES (15, 'Seg_042', 'Seg_042', 0, 0, 'pbg', 'pbg', '2016-07-18 18:22:08', '2016-07-18 18:22:08');
INSERT INTO Segments (SegmentID, SegmentCode, Title, UpstreamRiverMile, DownstreamRiverMile, AddedBy, UpdatedBy, AddedOn, UpdatedOn) VALUES (16, 'Seg_047', 'Seg_047', 0, 0, 'pbg', 'pbg', '2016-07-18 18:22:08', '2016-07-18 18:22:08');
INSERT INTO Segments (SegmentID, SegmentCode, Title, UpstreamRiverMile, DownstreamRiverMile, AddedBy, UpdatedBy, AddedOn, UpdatedOn) VALUES (17, 'Seg_050', 'Seg_050', 0, 0, 'pbg', 'pbg', '2016-07-18 18:22:08', '2016-07-18 18:22:08');
INSERT INTO Segments (SegmentID, SegmentCode, Title, UpstreamRiverMile, DownstreamRiverMile, AddedBy, UpdatedBy, AddedOn, UpdatedOn) VALUES (18, 'Seg_054', 'Seg_054', 0, 0, 'pbg', 'pbg', '2016-07-18 18:22:08', '2016-07-18 18:22:08');
INSERT INTO Segments (SegmentID, SegmentCode, Title, UpstreamRiverMile, DownstreamRiverMile, AddedBy, UpdatedBy, AddedOn, UpdatedOn) VALUES (19, 'Seg_057', 'Seg_057', 0, 0, 'pbg', 'pbg', '2016-07-18 18:22:08', '2016-07-18 18:22:08');
INSERT INTO Segments (SegmentID, SegmentCode, Title, UpstreamRiverMile, DownstreamRiverMile, AddedBy, UpdatedBy, AddedOn, UpdatedOn) VALUES (20, 'Seg_060', 'Seg_060', 0, 0, 'pbg', 'pbg', '2016-07-18 18:22:08', '2016-07-18 18:22:08');
INSERT INTO Segments (SegmentID, SegmentCode, Title, UpstreamRiverMile, DownstreamRiverMile, AddedBy, UpdatedBy, AddedOn, UpdatedOn) VALUES (21, 'Seg_062', 'Seg_062', 0, 0, 'pbg', 'pbg', '2016-07-18 18:22:08', '2016-07-18 18:22:08');
INSERT INTO Segments (SegmentID, SegmentCode, Title, UpstreamRiverMile, DownstreamRiverMile, AddedBy, UpdatedBy, AddedOn, UpdatedOn) VALUES (22, 'Seg_063', 'Seg_063', 0, 0, 'pbg', 'pbg', '2016-07-18 18:22:08', '2016-07-18 18:22:08');
INSERT INTO Segments (SegmentID, SegmentCode, Title, UpstreamRiverMile, DownstreamRiverMile, AddedBy, UpdatedBy, AddedOn, UpdatedOn) VALUES (23, 'Seg_067', 'Seg_067', 0, 0, 'pbg', 'pbg', '2016-07-18 18:22:08', '2016-07-18 18:22:08');
INSERT INTO Segments (SegmentID, SegmentCode, Title, UpstreamRiverMile, DownstreamRiverMile, AddedBy, UpdatedBy, AddedOn, UpdatedOn) VALUES (24, 'Seg_071', 'Seg_071', 0, 0, 'pbg', 'pbg', '2016-07-18 18:22:08', '2016-07-18 18:22:08');
INSERT INTO Segments (SegmentID, SegmentCode, Title, UpstreamRiverMile, DownstreamRiverMile, AddedBy, UpdatedBy, AddedOn, UpdatedOn) VALUES (25, 'Seg_080', 'Seg_080', 0, 0, 'pbg', 'pbg', '2016-07-18 18:22:08', '2016-07-18 18:22:08');
INSERT INTO Segments (SegmentID, SegmentCode, Title, UpstreamRiverMile, DownstreamRiverMile, AddedBy, UpdatedBy, AddedOn, UpdatedOn) VALUES (26, 'Seg_083', 'Seg_083', 0, 0, 'pbg', 'pbg', '2016-07-18 18:22:08', '2016-07-18 18:22:08');
INSERT INTO Segments (SegmentID, SegmentCode, Title, UpstreamRiverMile, DownstreamRiverMile, AddedBy, UpdatedBy, AddedOn, UpdatedOn) VALUES (27, 'Seg_086', 'Seg_086', 0, 0, 'pbg', 'pbg', '2016-07-18 18:22:08', '2016-07-18 18:22:08');

-- Table: LookupLists
CREATE TABLE LookupLists (ListID INTEGER PRIMARY KEY, Title TEXT (50) UNIQUE NOT NULL, EditableByUser BOOLEAN DEFAULT (0))
INSERT INTO LookupLists (ListID, Title, EditableByUser) VALUES (1, 'River Banks', 0);
INSERT INTO LookupLists (ListID, Title, EditableByUser) VALUES (2, 'Site Types', 0);
INSERT INTO LookupLists (ListID, Title, EditableByUser) VALUES (3, 'DepositTypes', 0);

-- Table: SandbarDeposits
CREATE TABLE SandbarDeposits (DepositID INTEGER PRIMARY KEY, SiteID INTEGER REFERENCES SandbarSites (SiteID) ON DELETE NO ACTION ON UPDATE NO ACTION NOT NULL, DepositTypeID INTEGER REFERENCES LookupListItems (ItemID) NOT NULL)
INSERT INTO SandbarDeposits (DepositID, SiteID, DepositTypeID) VALUES (1, 45, 7);
INSERT INTO SandbarDeposits (DepositID, SiteID, DepositTypeID) VALUES (2, 46, 7);
INSERT INTO SandbarDeposits (DepositID, SiteID, DepositTypeID) VALUES (3, 1, 7);
INSERT INTO SandbarDeposits (DepositID, SiteID, DepositTypeID) VALUES (4, 52, 7);
INSERT INTO SandbarDeposits (DepositID, SiteID, DepositTypeID) VALUES (5, 53, 7);
INSERT INTO SandbarDeposits (DepositID, SiteID, DepositTypeID) VALUES (6, 2, 6);
INSERT INTO SandbarDeposits (DepositID, SiteID, DepositTypeID) VALUES (7, 3, 7);
INSERT INTO SandbarDeposits (DepositID, SiteID, DepositTypeID) VALUES (8, 54, 7);
INSERT INTO SandbarDeposits (DepositID, SiteID, DepositTypeID) VALUES (9, 4, 6);
INSERT INTO SandbarDeposits (DepositID, SiteID, DepositTypeID) VALUES (10, 55, 7);
INSERT INTO SandbarDeposits (DepositID, SiteID, DepositTypeID) VALUES (11, 56, 7);
INSERT INTO SandbarDeposits (DepositID, SiteID, DepositTypeID) VALUES (12, 5, 7);
INSERT INTO SandbarDeposits (DepositID, SiteID, DepositTypeID) VALUES (13, 6, 8);
INSERT INTO SandbarDeposits (DepositID, SiteID, DepositTypeID) VALUES (14, 57, 7);
INSERT INTO SandbarDeposits (DepositID, SiteID, DepositTypeID) VALUES (15, 7, 8);
INSERT INTO SandbarDeposits (DepositID, SiteID, DepositTypeID) VALUES (16, 8, 7);
INSERT INTO SandbarDeposits (DepositID, SiteID, DepositTypeID) VALUES (17, 9, 8);
INSERT INTO SandbarDeposits (DepositID, SiteID, DepositTypeID) VALUES (18, 10, 7);
INSERT INTO SandbarDeposits (DepositID, SiteID, DepositTypeID) VALUES (19, 11, 6);
INSERT INTO SandbarDeposits (DepositID, SiteID, DepositTypeID) VALUES (20, 58, 7);
INSERT INTO SandbarDeposits (DepositID, SiteID, DepositTypeID) VALUES (21, 59, 7);
INSERT INTO SandbarDeposits (DepositID, SiteID, DepositTypeID) VALUES (22, 12, 6);
INSERT INTO SandbarDeposits (DepositID, SiteID, DepositTypeID) VALUES (23, 13, 7);
INSERT INTO SandbarDeposits (DepositID, SiteID, DepositTypeID) VALUES (24, 14, 6);
INSERT INTO SandbarDeposits (DepositID, SiteID, DepositTypeID) VALUES (25, 15, 6);
INSERT INTO SandbarDeposits (DepositID, SiteID, DepositTypeID) VALUES (26, 60, 7);
INSERT INTO SandbarDeposits (DepositID, SiteID, DepositTypeID) VALUES (27, 61, 7);
INSERT INTO SandbarDeposits (DepositID, SiteID, DepositTypeID) VALUES (28, 16, 7);
INSERT INTO SandbarDeposits (DepositID, SiteID, DepositTypeID) VALUES (29, 62, 7);
INSERT INTO SandbarDeposits (DepositID, SiteID, DepositTypeID) VALUES (30, 63, 7);
INSERT INTO SandbarDeposits (DepositID, SiteID, DepositTypeID) VALUES (31, 17, 6);
INSERT INTO SandbarDeposits (DepositID, SiteID, DepositTypeID) VALUES (32, 64, 7);
INSERT INTO SandbarDeposits (DepositID, SiteID, DepositTypeID) VALUES (33, 65, 7);
INSERT INTO SandbarDeposits (DepositID, SiteID, DepositTypeID) VALUES (34, 66, 7);
INSERT INTO SandbarDeposits (DepositID, SiteID, DepositTypeID) VALUES (35, 18, 7);
INSERT INTO SandbarDeposits (DepositID, SiteID, DepositTypeID) VALUES (36, 67, 7);
INSERT INTO SandbarDeposits (DepositID, SiteID, DepositTypeID) VALUES (37, 19, 7);
INSERT INTO SandbarDeposits (DepositID, SiteID, DepositTypeID) VALUES (38, 20, 8);
INSERT INTO SandbarDeposits (DepositID, SiteID, DepositTypeID) VALUES (39, 68, 7);
INSERT INTO SandbarDeposits (DepositID, SiteID, DepositTypeID) VALUES (40, 47, 6);
INSERT INTO SandbarDeposits (DepositID, SiteID, DepositTypeID) VALUES (41, 69, 7);
INSERT INTO SandbarDeposits (DepositID, SiteID, DepositTypeID) VALUES (42, 70, 7);
INSERT INTO SandbarDeposits (DepositID, SiteID, DepositTypeID) VALUES (43, 71, 7);
INSERT INTO SandbarDeposits (DepositID, SiteID, DepositTypeID) VALUES (44, 72, 7);
INSERT INTO SandbarDeposits (DepositID, SiteID, DepositTypeID) VALUES (45, 21, 7);
INSERT INTO SandbarDeposits (DepositID, SiteID, DepositTypeID) VALUES (46, 48, 6);
INSERT INTO SandbarDeposits (DepositID, SiteID, DepositTypeID) VALUES (47, 73, 7);
INSERT INTO SandbarDeposits (DepositID, SiteID, DepositTypeID) VALUES (48, 74, 7);
INSERT INTO SandbarDeposits (DepositID, SiteID, DepositTypeID) VALUES (49, 22, 6);
INSERT INTO SandbarDeposits (DepositID, SiteID, DepositTypeID) VALUES (50, 49, 7);
INSERT INTO SandbarDeposits (DepositID, SiteID, DepositTypeID) VALUES (51, 50, 7);
INSERT INTO SandbarDeposits (DepositID, SiteID, DepositTypeID) VALUES (52, 75, 7);
INSERT INTO SandbarDeposits (DepositID, SiteID, DepositTypeID) VALUES (53, 76, 7);
INSERT INTO SandbarDeposits (DepositID, SiteID, DepositTypeID) VALUES (54, 23, 8);
INSERT INTO SandbarDeposits (DepositID, SiteID, DepositTypeID) VALUES (55, 24, 7);
INSERT INTO SandbarDeposits (DepositID, SiteID, DepositTypeID) VALUES (56, 77, 7);
INSERT INTO SandbarDeposits (DepositID, SiteID, DepositTypeID) VALUES (57, 78, 7);
INSERT INTO SandbarDeposits (DepositID, SiteID, DepositTypeID) VALUES (58, 25, 8);
INSERT INTO SandbarDeposits (DepositID, SiteID, DepositTypeID) VALUES (59, 26, 8);
INSERT INTO SandbarDeposits (DepositID, SiteID, DepositTypeID) VALUES (60, 27, 8);
INSERT INTO SandbarDeposits (DepositID, SiteID, DepositTypeID) VALUES (61, 79, 7);
INSERT INTO SandbarDeposits (DepositID, SiteID, DepositTypeID) VALUES (62, 28, 6);
INSERT INTO SandbarDeposits (DepositID, SiteID, DepositTypeID) VALUES (63, 29, 8);
INSERT INTO SandbarDeposits (DepositID, SiteID, DepositTypeID) VALUES (64, 30, 7);
INSERT INTO SandbarDeposits (DepositID, SiteID, DepositTypeID) VALUES (65, 80, 7);
INSERT INTO SandbarDeposits (DepositID, SiteID, DepositTypeID) VALUES (66, 81, 7);
INSERT INTO SandbarDeposits (DepositID, SiteID, DepositTypeID) VALUES (67, 31, 7);
INSERT INTO SandbarDeposits (DepositID, SiteID, DepositTypeID) VALUES (68, 82, 7);
INSERT INTO SandbarDeposits (DepositID, SiteID, DepositTypeID) VALUES (69, 83, 7);
INSERT INTO SandbarDeposits (DepositID, SiteID, DepositTypeID) VALUES (70, 84, 7);
INSERT INTO SandbarDeposits (DepositID, SiteID, DepositTypeID) VALUES (71, 85, 7);
INSERT INTO SandbarDeposits (DepositID, SiteID, DepositTypeID) VALUES (72, 86, 7);
INSERT INTO SandbarDeposits (DepositID, SiteID, DepositTypeID) VALUES (73, 87, 7);
INSERT INTO SandbarDeposits (DepositID, SiteID, DepositTypeID) VALUES (74, 32, 7);
INSERT INTO SandbarDeposits (DepositID, SiteID, DepositTypeID) VALUES (75, 88, 7);
INSERT INTO SandbarDeposits (DepositID, SiteID, DepositTypeID) VALUES (76, 33, 7);
INSERT INTO SandbarDeposits (DepositID, SiteID, DepositTypeID) VALUES (77, 89, 7);
INSERT INTO SandbarDeposits (DepositID, SiteID, DepositTypeID) VALUES (78, 90, 7);
INSERT INTO SandbarDeposits (DepositID, SiteID, DepositTypeID) VALUES (79, 34, 7);
INSERT INTO SandbarDeposits (DepositID, SiteID, DepositTypeID) VALUES (80, 35, 8);
INSERT INTO SandbarDeposits (DepositID, SiteID, DepositTypeID) VALUES (81, 36, 7);
INSERT INTO SandbarDeposits (DepositID, SiteID, DepositTypeID) VALUES (82, 91, 7);
INSERT INTO SandbarDeposits (DepositID, SiteID, DepositTypeID) VALUES (83, 92, 7);
INSERT INTO SandbarDeposits (DepositID, SiteID, DepositTypeID) VALUES (84, 37, 6);
INSERT INTO SandbarDeposits (DepositID, SiteID, DepositTypeID) VALUES (85, 93, 7);
INSERT INTO SandbarDeposits (DepositID, SiteID, DepositTypeID) VALUES (86, 51, 7);
INSERT INTO SandbarDeposits (DepositID, SiteID, DepositTypeID) VALUES (87, 38, 7);
INSERT INTO SandbarDeposits (DepositID, SiteID, DepositTypeID) VALUES (88, 94, 7);
INSERT INTO SandbarDeposits (DepositID, SiteID, DepositTypeID) VALUES (89, 95, 7);
INSERT INTO SandbarDeposits (DepositID, SiteID, DepositTypeID) VALUES (90, 96, 7);
INSERT INTO SandbarDeposits (DepositID, SiteID, DepositTypeID) VALUES (91, 97, 7);
INSERT INTO SandbarDeposits (DepositID, SiteID, DepositTypeID) VALUES (92, 98, 7);
INSERT INTO SandbarDeposits (DepositID, SiteID, DepositTypeID) VALUES (93, 39, 7);
INSERT INTO SandbarDeposits (DepositID, SiteID, DepositTypeID) VALUES (94, 99, 7);
INSERT INTO SandbarDeposits (DepositID, SiteID, DepositTypeID) VALUES (95, 40, 7);
INSERT INTO SandbarDeposits (DepositID, SiteID, DepositTypeID) VALUES (96, 100, 7);
INSERT INTO SandbarDeposits (DepositID, SiteID, DepositTypeID) VALUES (97, 101, 7);
INSERT INTO SandbarDeposits (DepositID, SiteID, DepositTypeID) VALUES (98, 102, 7);
INSERT INTO SandbarDeposits (DepositID, SiteID, DepositTypeID) VALUES (99, 103, 7);
INSERT INTO SandbarDeposits (DepositID, SiteID, DepositTypeID) VALUES (100, 104, 7);
INSERT INTO SandbarDeposits (DepositID, SiteID, DepositTypeID) VALUES (101, 41, 6);
INSERT INTO SandbarDeposits (DepositID, SiteID, DepositTypeID) VALUES (102, 105, 7);
INSERT INTO SandbarDeposits (DepositID, SiteID, DepositTypeID) VALUES (103, 106, 7);
INSERT INTO SandbarDeposits (DepositID, SiteID, DepositTypeID) VALUES (104, 107, 7);
INSERT INTO SandbarDeposits (DepositID, SiteID, DepositTypeID) VALUES (105, 108, 7);
INSERT INTO SandbarDeposits (DepositID, SiteID, DepositTypeID) VALUES (106, 109, 7);
INSERT INTO SandbarDeposits (DepositID, SiteID, DepositTypeID) VALUES (107, 110, 7);
INSERT INTO SandbarDeposits (DepositID, SiteID, DepositTypeID) VALUES (108, 42, 8);
INSERT INTO SandbarDeposits (DepositID, SiteID, DepositTypeID) VALUES (109, 111, 7);
INSERT INTO SandbarDeposits (DepositID, SiteID, DepositTypeID) VALUES (110, 112, 7);
INSERT INTO SandbarDeposits (DepositID, SiteID, DepositTypeID) VALUES (111, 43, 8);
INSERT INTO SandbarDeposits (DepositID, SiteID, DepositTypeID) VALUES (112, 113, 7);
INSERT INTO SandbarDeposits (DepositID, SiteID, DepositTypeID) VALUES (113, 44, 7);
INSERT INTO SandbarDeposits (DepositID, SiteID, DepositTypeID) VALUES (114, 114, 7);
INSERT INTO SandbarDeposits (DepositID, SiteID, DepositTypeID) VALUES (115, 115, 7);
INSERT INTO SandbarDeposits (DepositID, SiteID, DepositTypeID) VALUES (116, 116, 7);
INSERT INTO SandbarDeposits (DepositID, SiteID, DepositTypeID) VALUES (117, 11, 7);
INSERT INTO SandbarDeposits (DepositID, SiteID, DepositTypeID) VALUES (118, 12, 7);
INSERT INTO SandbarDeposits (DepositID, SiteID, DepositTypeID) VALUES (119, 14, 7);
INSERT INTO SandbarDeposits (DepositID, SiteID, DepositTypeID) VALUES (120, 15, 7);
INSERT INTO SandbarDeposits (DepositID, SiteID, DepositTypeID) VALUES (121, 17, 7);
INSERT INTO SandbarDeposits (DepositID, SiteID, DepositTypeID) VALUES (122, 48, 7);
INSERT INTO SandbarDeposits (DepositID, SiteID, DepositTypeID) VALUES (123, 22, 7);
INSERT INTO SandbarDeposits (DepositID, SiteID, DepositTypeID) VALUES (124, 41, 7);

-- View: vwSandbarSites
CREATE VIEW vwSandbarSites AS SELECT S.SiteID , S.SiteCode , S.RiverMile , S.RiverSideID , RS.Title AS RiverSide , S.Title , S.AlternateTitle , S.SiteTypeID , ST.Title AS SiteType , S.History , S.EddySize , S.ExpansionRatio8k , S.ExpansionRatio45k , S.StageChange8k45k , S.PrimaryGDAWS , S.SecondaryGDAWS , S.ReachID , R.Title AS Reach , S.SegmentID , Seg.Title AS Segment , S.CampSiteSurveyRecord , S.RemoteCameraID , S.StageDischargeA , S.StageDischargeB , S.StageDischargeC , S.Northing , S.Easting , S.Latitude , S.Longitude , S.InitialSurvey , S.AddedOn , S.AddedBy , S.UpdatedOn , S.UpdatedBy
FROM SandbarSites S INNER JOIN LookupListItems RS ON S.RiverSideID = RS.ItemID INNER JOIN LookupListItems ST ON S.SiteTypeID = ST.ItemID LEFT JOIN Reaches R ON S.ReachID = R.ReachID LEFT JOIN Segments Seg ON S.SegmentID = Seg.SegmentID
ORDER BY S.SiteCode

COMMIT TRANSACTION;
PRAGMA foreign_keys = on;
